;0;1;2;3;4;5;6;7;8;9;20;21;22;23;24;25;26;27;28;29
2014-01-01 00:00:00;;;;;;;;;;;291.15;291.15;294.15;291.15;291.15;291.15;291.15;291.15;291.15;291.15
2014-01-01 00:15:00;;;;;;;;;;;291.15;291.15;294.15;291.15;291.15;291.15;291.15;291.15;291.15;291.15
2014-01-01 00:30:00;;;;;;;;;;;291.15;291.15;294.15;291.15;291.15;291.15;291.15;291.15;291.15;291.15
2014-01-01 00:45:00;;;;;;;;;;;291.15;291.15;294.15;291.15;291.15;291.15;291.15;291.15;291.15;291.15
2014-01-01 01:00:00;;;;;;;;;;;291.15;291.15;291.277920583;291.15;291.15;291.15;291.15;291.15;291.15;291.15
2014-01-01 01:15:00;;;;;;;;;;;291.15;291.15;291.15;291.15;291.15;291.15;291.15;291.15;291.15;291.15
2014-01-01 01:30:00;;;;;;;;;;;291.15;291.15;291.15;291.15;291.15;291.15;291.15;291.15;291.15;291.15
2014-01-01 01:45:00;;;;;;;;;;;291.15;291.15;291.15;291.15;291.15;291.15;291.15;291.15;291.15;291.15
2014-01-01 02:00:00;;;;;;;;;;;291.15;291.15;291.15;291.15;291.15;291.15;291.15;291.15;291.15;291.15
2014-01-01 02:15:00;;;;;;;;;;;291.15;291.15;291.15;291.15;291.15;291.15;291.15;291.15;291.15;291.15
2014-01-01 02:30:00;;;;;;;;;;;291.15;291.15;291.15;291.15;291.15;291.15;291.15;291.15;291.15;291.15
2014-01-01 02:45:00;;;;;;;;;;;291.15;291.15;291.15;291.15;291.15;291.15;291.15;291.15;291.15;291.15
2014-01-01 03:00:00;;;;;;;;;;;291.15;291.15;291.15;291.15;291.15;291.15;291.15;291.15;291.15;291.15
2014-01-01 03:15:00;;;;;;;;;;;291.15;291.15;291.15;291.15;291.15;291.15;291.15;291.15;291.15;291.15
2014-01-01 03:30:00;;;;;;;;;;;291.15;291.15;291.15;291.15;291.15;291.15;291.15;291.15;291.15;291.15
2014-01-01 03:45:00;;;;;;;;;;;291.15;291.15;291.15;291.15;291.15;291.15;291.15;291.15;291.15;291.15
2014-01-01 04:00:00;;;;;;;;;;;291.15;291.15;291.15;291.15;291.15;291.15;291.15;291.15;291.15;291.15
2014-01-01 04:15:00;;;;;;;;;;;291.15;291.15;291.15;291.15;291.15;291.15;291.15;291.15;291.15;291.15
2014-01-01 04:30:00;;;;;;;;;;;291.15;291.15;291.15;291.15;291.15;291.15;291.15;291.15;291.15;291.15
2014-01-01 04:45:00;;;;;;;;;;;291.15;291.15;291.15;291.15;291.15;291.15;291.15;291.15;291.15;291.15
2014-01-01 05:00:00;;;;;;;;;;;291.15;291.15;291.15;291.15;291.15;291.15;291.15;291.15;291.15;291.15
2014-01-01 05:15:00;;;;;;;;;;;291.15;290.679940491;291.15;291.15;291.15;291.15;291.15;291.15;291.15;290.679940491
2014-01-01 05:30:00;;;;;;;;;;;291.15;290.620787734;291.15;291.15;291.15;291.15;291.15;291.15;291.15;290.620787734
2014-01-01 05:45:00;;;;;;;;;;;290.677109941;290.602644354;291.15;290.677109941;291.15;291.15;291.15;290.677109941;291.15;290.602644354
2014-01-01 06:00:00;;;;;;;;;;;290.618298785;290.589148223;291.15;290.618298785;291.15;291.15;291.15;290.618298785;291.15;290.589148223
2014-01-01 06:15:00;;;;;;;;;;;290.60125904;290.576637607;291.15;290.60125904;291.15;291.15;291.15;290.60125904;291.15;290.576637607
2014-01-01 06:30:00;;;;;;;;;;;290.588965165;290.564557938;291.15;290.588965165;291.15;291.15;291.15;290.588965165;290.676376808;290.564557938
2014-01-01 06:45:00;;;;;;;;;;;290.577258979;290.552598656;291.15;290.577258979;291.15;290.67686109;291.15;290.577258979;290.618783672;290.552598656
2014-01-01 07:00:00;;;;;;;;;;;290.565438199;290.540478793;291.15;290.565438199;291.15;290.619274462;290.677290391;290.565438199;290.602500559;290.540478793
2014-01-01 07:15:00;;;;;;;;;;;290.553381381;290.52812864;291.15;290.553381381;291.15;290.602900228;290.619656592;290.553381381;290.590363404;290.52812864
2014-01-01 07:30:00;;;;;;;;;;;290.541202998;290.515670699;290.771803246;290.541202998;291.15;290.590784419;290.603307416;290.541202998;290.5785747;290.515670699
2014-01-01 07:45:00;;;;;;;;;;;290.529066131;290.503269439;290.723670395;290.529066131;291.15;290.579173722;290.591368849;290.529066131;290.566867804;290.503269439
2014-01-01 08:00:00;;;;;;;;;;;290.517165764;290.491119735;290.708306995;290.517165764;291.15;290.567832496;290.580122517;290.517165764;290.555384642;290.491119735
2014-01-01 08:15:00;;;;;;;;;;;290.50721412;290.480933249;290.698335295;290.50721412;291.15;290.55841987;290.570850475;290.50721412;290.545829324;290.480933249
2014-01-01 08:30:00;;;;;;;;;;;290.500572619;290.474070696;290.692029594;290.500572619;291.15;290.55228939;290.564861371;290.500572619;290.539562102;290.474070696
2014-01-01 08:45:00;;;;;;;;;;;290.49674094;290.470031026;290.688545421;290.49674094;291.15;290.548939902;290.561647364;290.49674094;290.536083084;290.470031026
2014-01-01 09:00:00;;;;;;;;;;;290.494055862;290.467150302;290.686175985;290.494055862;291.15;290.546708967;290.559544757;290.494055862;290.533729955;290.467150302
2014-01-01 09:15:00;;;;;;;;;;;290.491171901;290.464082359;290.683569549;290.491171901;291.15;290.544252358;290.5572092;290.491171901;290.531158272;290.464082359
2014-01-01 09:30:00;;;;;;;;;;;290.488632021;290.461369513;290.681269054;290.488632021;291.15;290.542114416;290.555185246;290.488632021;290.528912056;290.461369513
2014-01-01 09:45:00;;;;;;;;;;;290.486153786;290.458728718;290.678993554;290.486153786;291.15;290.540014081;290.553192155;290.486153786;290.526709893;290.458728718
2014-01-01 10:00:00;;;;;;;;;;;290.48392656;290.456348761;290.676934333;290.48392656;291.15;290.53814204;290.551420961;290.48392656;290.524742122;290.456348761
2014-01-01 10:15:00;;;;;;;;;;;290.4820653;290.454344058;290.675208352;290.4820653;291.15;290.536614509;290.54998823;290.4820653;290.523124622;290.454344058
2014-01-01 10:30:00;;;;;;;;;;;290.480573873;290.452717966;290.673821439;290.480573873;290.759681122;290.535436546;290.54889935;290.480573873;290.521862129;290.452717966
2014-01-01 10:45:00;;;;;;;;;;;290.479413951;290.451431677;290.672737142;290.479413951;290.721638263;290.534570941;290.548117432;290.479413951;290.520917135;290.451431677
2014-01-01 11:00:00;;;;;;;;;;;290.478519736;290.450418941;290.671891435;290.478519736;290.718581896;290.533952956;290.547578036;290.478519736;290.520224613;290.450418941
2014-01-01 11:15:00;;;;;;;;;;;290.477836746;290.449624849;290.671231506;290.477836746;290.719334872;290.5335291;290.547227954;290.477836746;290.519730806;290.449624849
2014-01-01 11:30:00;;;;;;;;;;;290.477306384;290.448990405;290.670700332;290.477306384;290.720549955;290.533241714;290.547009793;290.477306384;290.519377802;290.448990405
2014-01-01 11:45:00;;;;;;;;;;;290.476820936;290.448407516;290.670191671;290.476820936;290.721760044;290.532983963;290.546816969;290.476820936;290.519058528;290.448407516
2014-01-01 12:00:00;;;;;;;;;;;290.476272253;290.44776768;290.669598766;290.476272253;290.722815779;290.53264853;290.546542401;290.476272253;290.518665444;290.44776768
2014-01-01 12:15:00;;;;;;;;;;;290.474743172;290.446153397;290.668005754;290.474743172;290.722797115;290.531319031;290.545269926;290.474743172;290.517281954;290.446153397
2014-01-01 12:30:00;;;;;;;;;;;290.471456993;290.442787653;290.664637159;290.471456993;290.720930393;290.528219502;290.54222379;290.471456993;290.514131897;290.442787653
2014-01-01 12:45:00;;;;;;;;;;;290.466642041;290.437898475;290.659722458;290.466642041;290.71744821;290.523578962;290.537633209;290.466642041;290.509444104;290.437898475
2014-01-01 13:00:00;;;;;;;;;;;290.46064635;290.431833618;290.653610762;290.46064635;290.71270309;290.517746097;290.531847053;290.46064635;290.503567085;290.431833618
2014-01-01 13:15:00;;;;;;;;;;;290.453659946;290.424782844;290.646493113;290.453659946;290.706889467;290.510911546;290.525056137;290.453659946;290.496691315;290.424782844
2014-01-01 13:30:00;;;;;;;;;;;290.445701035;290.41676411;290.63838867;290.445701035;290.700029769;290.503094095;290.51727941;290.445701035;290.488835422;290.41676411
2014-01-01 13:45:00;;;;;;;;;;;290.436867555;290.407875121;290.629396265;290.436867555;290.692225936;290.494392228;290.508615512;290.436867555;290.480097745;290.407875121
2014-01-01 14:00:00;;;;;;;;;;;290.427250365;290.398206513;290.619607598;290.427250365;290.683572605;290.484897317;290.499155961;290.427250365;290.470569516;290.398206513
2014-01-01 14:15:00;;;;;;;;;;;290.417248441;290.388157054;290.609422434;290.417248441;290.674472314;290.475008821;290.489300353;290.417248441;290.460650065;290.388157054
2014-01-01 14:30:00;;;;;;;;;;;290.406739288;290.377604054;290.598719022;290.406739288;290.664805926;290.464604706;290.478926781;290.406739288;290.450217233;290.377604054
2014-01-01 14:45:00;;;;;;;;;;;290.394809;290.365633421;290.586584151;290.394809;290.653662694;290.452771493;290.467121892;290.394809;290.438357426;290.365633421
2014-01-01 15:00:00;;;;;;;;;;;290.380540227;290.351327632;290.572101127;290.380540227;290.640128247;290.43859224;290.452968857;290.380540227;290.424153593;290.351327632
2014-01-01 15:15:00;;;;;;;;;;;290.364549082;290.335302631;290.555886675;290.364549082;290.624821502;290.422683441;290.437084278;290.364549082;290.408222125;290.335302631
2014-01-01 15:30:00;;;;;;;;;;;290.34824543;290.31896813;290.539351241;290.34824543;290.609154966;290.406455322;290.420878485;290.34824543;290.391973151;290.31896813
2014-01-01 15:45:00;;;;;;;;;;;290.331954974;290.302649685;290.522821071;290.331954974;290.593456833;290.390233929;290.404677618;290.331954974;290.375732625;290.302649685
2014-01-01 16:00:00;;;;;;;;;;;290.315625601;290.286295044;290.506244558;290.315625601;290.577677333;290.373967468;290.388429975;290.315625601;290.359448666;290.286295044
2014-01-01 16:15:00;;;;;;;;;;;290.299195666;290.269842431;290.489560541;290.299195666;290.561757033;290.357594598;290.372074302;290.299195666;290.343059852;290.269842431
2014-01-01 16:30:00;;;;;;;;;;;290.282659723;290.253286277;290.47276402;290.282659723;290.545692569;290.341110159;290.355605518;290.282659723;290.326560947;290.253286277
2014-01-01 16:45:00;;;;;;;;;;;290.266018097;290.236626789;290.455855745;290.266018097;290.529486232;290.324514747;290.339024296;290.266018097;290.309952474;290.236626789
2014-01-01 17:00:00;;;;;;;;;;;290.249271654;290.219864723;290.438836978;290.249271654;294.15;290.307809482;290.322331827;290.249271654;290.293235483;290.219864723
2014-01-01 17:15:00;;;;;;;;;;;290.232421258;290.203000839;290.421708958;290.232421258;294.15;290.290995469;290.305529287;294.15;290.276411016;290.203000839
2014-01-01 17:30:00;;;;;;;;;;;290.215467723;290.186035852;290.404472848;290.215467723;294.15;290.274073751;290.28861778;294.15;290.259480054;290.186035852
2014-01-01 17:45:00;;;;;;;;;;;290.198411811;290.168970432;290.387129741;290.198411811;294.15;290.257045305;290.271598344;294.15;290.242443516;290.168970432
2014-01-01 18:00:00;;;;;;;;;;;290.181254234;290.151805201;294.15;294.15;294.15;290.239911044;290.254471952;294.15;290.225302263;290.151805201
2014-01-01 18:15:00;;;;;;;;;;;290.163995659;290.134540743;294.15;294.15;294.15;290.222671829;294.15;294.15;294.15;290.134540743
2014-01-01 18:30:00;;;;;;;;;;;294.15;290.117177603;294.15;294.15;294.15;290.205328463;294.15;294.15;294.15;294.15
2014-01-01 18:45:00;;;;;;;;;;;294.15;290.099716288;294.15;294.15;294.15;290.187881703;294.15;294.15;294.15;294.15
2014-01-01 19:00:00;;;;;;;;;;;294.15;294.15;294.15;294.15;294.15;294.15;294.15;294.15;294.15;294.15
2014-01-01 19:15:00;;;;;;;;;;;294.15;294.15;294.15;294.15;294.15;294.15;294.15;294.15;294.15;294.15
2014-01-01 19:30:00;;;;;;;;;;;294.15;294.15;294.15;294.15;294.15;294.15;294.15;294.15;294.15;294.15
2014-01-01 19:45:00;;;;;;;;;;;294.15;294.15;294.15;294.15;294.15;294.15;294.15;294.15;294.15;294.15
2014-01-01 20:00:00;;;;;;;;;;;294.15;294.15;294.15;294.15;294.15;294.15;294.15;294.15;294.15;294.15
2014-01-01 20:15:00;;;;;;;;;;;294.15;294.15;294.15;294.15;294.15;294.15;294.15;294.15;294.15;294.15
2014-01-01 20:30:00;;;;;;;;;;;294.15;294.15;294.15;294.15;294.15;294.15;294.15;294.15;294.15;294.15
2014-01-01 20:45:00;;;;;;;;;;;294.15;294.15;294.15;294.15;294.15;294.15;294.15;294.15;294.15;294.15
2014-01-01 21:00:00;;;;;;;;;;;294.15;294.15;294.15;294.15;294.15;294.15;294.15;294.15;294.15;294.15
2014-01-01 21:15:00;;;;;;;;;;;294.15;294.15;294.15;294.15;294.15;294.15;294.15;294.15;294.15;294.15
2014-01-01 21:30:00;;;;;;;;;;;294.15;294.15;294.15;294.15;294.15;294.15;294.15;294.15;294.15;294.15
2014-01-01 21:45:00;;;;;;;;;;;294.15;294.15;294.15;294.15;294.15;294.15;294.15;294.15;294.15;294.15
2014-01-01 22:00:00;;;;;;;;;;;291.32299003;294.15;294.15;294.15;294.15;294.15;294.15;294.15;294.15;294.15
2014-01-01 22:15:00;;;;;;;;;;;291.15;294.15;294.15;294.15;294.15;291.293916683;294.15;294.15;294.15;294.15
2014-01-01 22:30:00;;;;;;;;;;;291.15;294.15;294.15;294.15;294.15;291.15;294.15;294.15;294.15;291.385852368
2014-01-01 22:45:00;;;;;;;;;;;291.15;294.15;294.15;294.15;294.15;291.15;294.15;294.15;294.15;291.15
2014-01-01 23:00:00;;;;;;;;;;;291.15;291.361823891;294.15;294.15;294.15;291.15;294.15;294.15;294.15;291.15
2014-01-01 23:15:00;;;;;;;;;;;291.15;291.15;294.15;294.15;294.15;291.15;291.602073196;294.15;291.585844719;291.15
2014-01-01 23:30:00;;;;;;;;;;;291.15;291.15;294.15;294.15;294.15;291.15;291.303814022;291.759377606;291.28591871;291.15
2014-01-01 23:45:00;;;;;;;;;;;291.15;291.15;294.15;294.15;294.15;291.15;291.245423007;291.476000722;291.227379694;291.15
2014-01-02 00:00:00;;;;;;;;;;;291.15;291.15;294.15;291.695261837;291.969143134;291.15;291.21226582;291.41793534;291.194236292;291.15
2014-01-02 00:15:00;;;;;;;;;;;291.15;291.15;294.15;291.404413714;291.706020936;291.15;291.181796966;291.383426017;291.163801537;291.15
2014-01-02 00:30:00;;;;;;;;;;;291.15;291.15;294.15;291.344531835;291.64822709;291.15;291.151566181;291.351377602;291.15;291.15
2014-01-02 00:45:00;;;;;;;;;;;291.15;291.15;294.15;291.309147785;291.612234385;291.15;291.15;291.319970324;291.15;291.15
2014-01-02 01:00:00;;;;;;;;;;;291.15;291.15;291.881160267;291.277168414;291.57933877;291.15;291.15;291.28940465;291.15;291.15
2014-01-02 01:15:00;;;;;;;;;;;291.15;291.15;291.608373437;291.24621183;291.547409423;291.15;291.15;291.259519298;291.15;291.15
2014-01-02 01:30:00;;;;;;;;;;;291.15;291.15;291.549795966;291.216010792;291.516207591;291.15;291.15;291.230283274;291.15;291.15
2014-01-02 01:45:00;;;;;;;;;;;291.15;291.15;291.514953628;291.187194616;291.486367746;291.15;291.15;291.202355361;291.15;291.15
2014-01-02 02:00:00;;;;;;;;;;;291.15;291.15;291.48469308;291.160498108;291.458627269;291.15;291.15;291.17647799;291.15;291.15
2014-01-02 02:15:00;;;;;;;;;;;291.15;291.15;291.456453773;291.15;291.432505437;291.15;291.15;291.152173324;291.15;291.15
2014-01-02 02:30:00;;;;;;;;;;;291.15;291.15;291.428931977;291.15;291.406924916;291.15;291.15;291.15;291.15;291.15
2014-01-02 02:45:00;;;;;;;;;;;291.15;291.15;291.401957561;291.15;291.381748479;291.15;291.15;291.15;291.15;291.15
2014-01-02 03:00:00;;;;;;;;;;;291.15;291.15;291.375480663;291.15;291.356938396;291.15;291.15;291.15;291.15;291.15
2014-01-02 03:15:00;;;;;;;;;;;291.15;291.15;291.349466117;291.15;291.332468875;291.15;291.15;291.15;291.15;291.15
2014-01-02 03:30:00;;;;;;;;;;;291.15;291.15;291.323882328;291.15;291.308316843;291.15;291.15;291.15;291.15;291.15
2014-01-02 03:45:00;;;;;;;;;;;291.15;291.15;291.298699972;291.15;291.284460892;291.15;291.15;291.15;291.15;291.15
2014-01-02 04:00:00;;;;;;;;;;;291.15;291.15;291.273891732;291.15;291.260881069;291.15;291.15;291.15;291.15;291.15
2014-01-02 04:15:00;;;;;;;;;;;291.15;291.15;291.24857805;291.15;291.236704676;291.15;291.15;291.15;291.15;291.15
2014-01-02 04:30:00;;;;;;;;;;;291.15;291.15;291.222455934;291.15;291.211635103;291.15;291.15;291.15;291.15;291.15
2014-01-02 04:45:00;;;;;;;;;;;291.15;291.15;291.196474426;291.15;291.186627336;291.15;291.15;291.15;291.15;291.15
2014-01-02 05:00:00;;;;;;;;;;;291.15;291.15;291.171736717;291.15;291.162790095;291.15;291.15;291.15;291.15;291.15
2014-01-02 05:15:00;;;;;;;;;;;291.15;290.679951201;291.15;291.15;291.15;291.15;291.15;291.15;291.15;290.679493485
2014-01-02 05:30:00;;;;;;;;;;;291.15;290.616631205;291.15;291.15;291.15;291.15;291.15;291.15;291.15;290.616320588
2014-01-02 05:45:00;;;;;;;;;;;290.630578915;290.593883469;291.15;290.893937789;291.15;291.15;291.15;290.909439522;291.15;290.593768787
2014-01-02 06:00:00;;;;;;;;;;;290.562035022;290.574596506;291.15;290.851448992;291.15;291.15;291.15;290.868772451;291.15;290.574673388
2014-01-02 06:15:00;;;;;;;;;;;290.537554952;290.554621529;291.15;290.828366767;291.15;291.15;291.15;290.846070348;291.15;290.554882117
2014-01-02 06:30:00;;;;;;;;;;;290.517238488;290.534083715;291.15;290.806905989;291.15;291.15;291.15;290.824826814;290.764347214;290.534520776
2014-01-02 06:45:00;;;;;;;;;;;290.497200302;290.513321139;291.15;290.785479603;291.15;290.602233596;291.15;290.803590385;290.707823304;290.51392807
2014-01-02 07:00:00;;;;;;;;;;;290.477357557;290.492713526;291.15;290.764242624;291.15;290.529734524;290.753986501;290.782531481;290.683945879;290.493484169
2014-01-02 07:15:00;;;;;;;;;;;290.457792671;290.472399923;291.15;290.743301375;291.15;290.505174148;290.69717079;290.761758806;290.663809131;290.473328462
2014-01-02 07:30:00;;;;;;;;;;;290.438498609;290.452381822;290.988834577;290.722650649;291.15;290.485922991;290.674115659;290.741267949;290.644324159;290.453462733
2014-01-02 07:45:00;;;;;;;;;;;290.41977608;290.432961132;290.956478826;290.702590761;291.15;290.467779285;290.655187966;290.721359756;290.625445295;290.434189153
2014-01-02 08:00:00;;;;;;;;;;;290.401988017;290.414500334;290.936629229;290.683484074;291.15;290.450611063;290.637568529;290.702397035;290.607489976;290.415870448
2014-01-02 08:15:00;;;;;;;;;;;290.385381213;290.397245278;290.919232596;290.665576818;291.15;290.434604053;290.621147188;290.68462642;290.590697306;290.398752694
2014-01-02 08:30:00;;;;;;;;;;;290.370123084;290.381362294;290.90331643;290.649035875;291.15;290.419916496;290.606045261;290.668215166;290.575233511;290.383002436
2014-01-02 08:45:00;;;;;;;;;;;290.356273265;290.366909918;290.88879619;290.63392037;291.15;290.406606914;290.592315371;290.653222749;290.5611587;290.368678411
2014-01-02 09:00:00;;;;;;;;;;;290.343247124;290.353302448;290.875063784;290.619645184;291.15;290.394091412;290.579372567;290.639064378;290.547889234;290.355195111
2014-01-02 09:15:00;;;;;;;;;;;290.330791903;290.340286105;290.861862336;290.60595709;291.15;290.382118513;290.566965448;290.625487138;290.535173497;290.342298937
2014-01-02 09:30:00;;;;;;;;;;;290.319114953;290.328067272;290.849399709;290.593062993;291.15;290.370896999;290.555303214;290.612698225;290.523219998;290.330196442
2014-01-02 09:45:00;;;;;;;;;;;290.307398968;290.315827724;290.836860543;290.580145156;291.15;290.359610997;290.543570517;290.599880181;290.511212547;290.318069566
2014-01-02 10:00:00;;;;;;;;;;;290.294984701;290.30290735;290.823587977;290.566543921;291.15;290.347602647;290.53111004;290.586373607;290.498492958;290.305258351
2014-01-02 10:15:00;;;;;;;;;;;290.282035087;290.289468265;290.8097474;290.552421827;291.15;290.3350362;290.51808656;290.57234129;290.485225166;290.291925058
2014-01-02 10:30:00;;;;;;;;;;;290.269204688;290.276164259;290.795995761;290.538433055;290.898311326;290.322567463;290.505156388;290.558437644;290.472064671;290.278723614
2014-01-02 10:45:00;;;;;;;;;;;290.256452137;290.262953234;290.782293967;290.524535875;290.863879059;290.310156245;290.492279801;290.544621158;290.458970987;290.265612055
2014-01-02 11:00:00;;;;;;;;;;;290.243657997;290.249715062;290.768524723;290.510610498;290.850107768;290.297684215;290.47933891;290.530772252;290.4458255;290.252470376
2014-01-02 11:15:00;;;;;;;;;;;290.230887898;290.236514722;290.754755669;290.496722218;290.838485351;290.285218045;290.466400799;290.516956417;290.432694615;290.239363674
2014-01-02 11:30:00;;;;;;;;;;;290.218071657;290.223281414;290.740918508;290.482800526;290.826952818;290.272688533;290.453396647;290.50310333;290.41950887;290.22622126
2014-01-02 11:45:00;;;;;;;;;;;290.204950442;290.209755722;290.726756175;290.468586278;290.815026095;290.259837771;290.440068907;290.488954023;290.406010113;290.212783827
2014-01-02 12:00:00;;;;;;;;;;;290.191258495;290.195671337;290.712004562;290.453813416;290.802412652;290.246400869;290.426153021;290.474242605;290.39193322;290.198785166
2014-01-02 12:15:00;;;;;;;;;;;290.176775813;290.180807734;290.696445215;290.438261647;290.788892168;290.232158646;290.411430117;290.45874894;290.377058781;290.184004847
2014-01-02 12:30:00;;;;;;;;;;;290.161613769;290.165275792;290.680190953;290.422042066;290.774580556;290.217223245;290.396012628;290.442584273;290.361498727;290.168553843
2014-01-02 12:45:00;;;;;;;;;;;290.146030677;290.149333357;290.663501443;290.405412715;290.759741808;290.201853706;290.380159862;290.426006787;290.345511889;290.152690084
2014-01-02 13:00:00;;;;;;;;;;;290.130311417;290.133264867;290.64666283;290.388658217;290.744666657;290.186335594;290.364157635;290.409301239;290.329383636;290.136698092
2014-01-02 13:15:00;;;;;;;;;;;290.114506634;290.117120548;290.629726946;290.371828968;290.729411455;290.1707202;290.348057468;290.392518151;290.31316507;290.120628171
2014-01-02 13:30:00;;;;;;;;;;;290.098461267;290.100744941;290.612539834;290.354769662;290.71382658;290.154853069;290.331705124;290.375502337;290.296701553;290.104324937
2014-01-02 13:45:00;;;;;;;;;;;290.082137855;290.084100208;290.595065068;290.337442607;290.697879726;290.138697315;290.315063915;290.358216221;290.279956024;290.087750626
2014-01-02 14:00:00;;;;;;;;;;;290.065535664;290.067185261;290.577302882;290.319846843;290.681575017;290.122252743;290.298133833;290.340658951;290.262928124;290.070904214
2014-01-02 14:15:00;;;;;;;;;;;290.048315163;290.049660227;290.558914645;290.301642621;290.664577493;290.10518033;290.280576026;290.322490878;290.245278667;290.053445894
2014-01-02 14:30:00;;;;;;;;;;;290.030101522;290.031149957;290.539526373;290.282454901;290.64651663;290.087105727;290.262016305;290.303337061;290.226633149;290.03500058
2014-01-02 14:45:00;;;;;;;;;;;290.010782509;290.011541915;290.519026622;290.262171249;290.627284248;290.067917155;290.242343039;290.283085157;290.206879646;290.015455793
2014-01-02 15:00:00;;;;;;;;;;;289.990308057;289.990785742;290.497366057;290.240741397;290.606834086;290.047564973;290.221506722;290.261684988;290.185968371;289.994761232
2014-01-02 15:15:00;;;;;;;;;;;289.969081203;289.969284204;290.474948406;290.218568195;290.58557277;290.026452621;290.199910922;290.239539486;290.16430263;289.973319716
2014-01-02 15:30:00;;;;;;;;;;;289.947605715;289.947540806;290.452278074;290.196155225;290.564007438;290.005084247;290.1780599;290.217152312;290.142386436;289.951634801
2014-01-02 15:45:00;;;;;;;;;;;289.926057266;289.925730975;290.429531331;290.173677982;290.542316938;289.983635882;290.156129799;290.194699036;290.120395696;289.929881962
2014-01-02 16:00:00;;;;;;;;;;;289.904521419;289.903940037;290.406794299;290.151221855;290.52058982;289.962193429;290.134206616;290.17226512;290.098416189;289.908146574
2014-01-02 16:15:00;;;;;;;;;;;289.882940588;289.882110182;290.384009909;290.128729091;290.498771309;289.940699619;290.112233177;290.149792876;290.07639053;289.886370871
2014-01-02 16:30:00;;;;;;;;;;;289.861297734;289.860224159;290.361161605;290.106182489;290.476847011;289.919137717;290.090192828;290.12726517;290.054301868;289.864537643
2014-01-02 16:45:00;;;;;;;;;;;289.839592034;289.838280941;290.338249016;290.083581066;290.454818592;289.897507184;290.068085105;290.104681081;290.032149555;289.842645906
2014-01-02 17:00:00;;;;;;;;;;;289.817824293;289.816281142;290.315273365;290.060925476;294.15;289.875809094;290.045911157;290.082041321;290.009934561;289.820696313
2014-01-02 17:15:00;;;;;;;;;;;289.795995438;289.794225502;290.292235967;290.038216496;294.15;289.854044627;290.023672224;294.15;289.987657963;289.798689641
2014-01-02 17:30:00;;;;;;;;;;;289.774106356;289.772114736;290.269138075;290.01545487;294.15;289.832214913;290.001369495;294.15;289.965320791;289.776626642
2014-01-02 17:45:00;;;;;;;;;;;289.752157889;289.749949517;290.245980865;289.992641299;294.15;289.81032102;289.979004092;294.15;289.94292402;289.754508023
2014-01-02 18:00:00;;;;;;;;;;;289.73015083;289.727730481;294.15;294.15;294.15;289.788363955;289.956577071;294.15;289.920468565;289.732334451
2014-01-02 18:15:00;;;;;;;;;;;289.708085929;289.705458224;294.15;294.15;294.15;289.766344672;294.15;294.15;294.15;289.710106558
2014-01-02 18:30:00;;;;;;;;;;;294.15;289.68313331;294.15;294.15;294.15;289.744264071;294.15;294.15;294.15;294.15
2014-01-02 18:45:00;;;;;;;;;;;294.15;289.66075627;294.15;294.15;294.15;289.722123002;294.15;294.15;294.15;294.15
2014-01-02 19:00:00;;;;;;;;;;;294.15;294.15;294.15;294.15;294.15;294.15;294.15;294.15;294.15;294.15
2014-01-02 19:15:00;;;;;;;;;;;294.15;294.15;294.15;294.15;294.15;294.15;294.15;294.15;294.15;294.15
2014-01-02 19:30:00;;;;;;;;;;;294.15;294.15;294.15;294.15;294.15;294.15;294.15;294.15;294.15;294.15
2014-01-02 19:45:00;;;;;;;;;;;294.15;294.15;294.15;294.15;294.15;294.15;294.15;294.15;294.15;294.15
2014-01-02 20:00:00;;;;;;;;;;;294.15;294.15;294.15;294.15;294.15;294.15;294.15;294.15;294.15;294.15
2014-01-02 20:15:00;;;;;;;;;;;294.15;294.15;294.15;294.15;294.15;294.15;294.15;294.15;294.15;294.15
2014-01-02 20:30:00;;;;;;;;;;;294.15;294.15;294.15;294.15;294.15;294.15;294.15;294.15;294.15;294.15
2014-01-02 20:45:00;;;;;;;;;;;294.15;294.15;294.15;294.15;294.15;294.15;294.15;294.15;294.15;294.15
2014-01-02 21:00:00;;;;;;;;;;;294.15;294.15;294.15;294.15;294.15;294.15;294.15;294.15;294.15;294.15
2014-01-02 21:15:00;;;;;;;;;;;294.15;294.15;294.15;294.15;294.15;294.15;294.15;294.15;294.15;294.15
2014-01-02 21:30:00;;;;;;;;;;;294.15;294.15;294.15;294.15;294.15;294.15;294.15;294.15;294.15;294.15
2014-01-02 21:45:00;;;;;;;;;;;294.15;294.15;294.15;294.15;294.15;294.15;294.15;294.15;294.15;294.15
2014-01-02 22:00:00;;;;;;;;;;;291.15;294.15;294.15;294.15;294.15;294.15;294.15;294.15;294.15;294.15
2014-01-02 22:15:00;;;;;;;;;;;291.15;294.15;294.15;294.15;294.15;291.15;294.15;294.15;294.15;294.15
2014-01-02 22:30:00;;;;;;;;;;;291.15;294.15;294.15;294.15;294.15;291.15;294.15;294.15;294.15;291.15
2014-01-02 22:45:00;;;;;;;;;;;291.15;294.15;294.15;294.15;294.15;291.15;294.15;294.15;294.15;291.15
2014-01-02 23:00:00;;;;;;;;;;;291.15;291.15;294.15;294.15;294.15;291.15;294.15;294.15;294.15;291.15
2014-01-02 23:15:00;;;;;;;;;;;291.15;291.15;294.15;294.15;294.15;291.15;291.359104771;294.15;291.338930186;291.15
2014-01-02 23:30:00;;;;;;;;;;;291.15;291.15;294.15;294.15;294.15;291.15;291.15;291.596412459;291.15;291.15
2014-01-02 23:45:00;;;;;;;;;;;291.15;291.15;294.15;294.15;294.15;291.15;291.15;291.305636342;291.15;291.15
2014-01-03 00:00:00;;;;;;;;;;;291.15;291.15;294.15;291.536508191;291.871651841;291.15;291.15;291.25249689;291.15;291.15
2014-01-03 00:15:00;;;;;;;;;;;291.15;291.15;294.15;291.231444969;291.600687979;291.15;291.15;291.220879149;291.15;291.15
2014-01-03 00:30:00;;;;;;;;;;;291.15;291.15;294.15;291.173071829;291.545049212;291.15;291.15;291.192190133;291.15;291.15
2014-01-03 00:45:00;;;;;;;;;;;291.15;291.15;294.15;291.15;291.512506217;291.15;291.15;291.164453108;291.15;291.15
2014-01-03 01:00:00;;;;;;;;;;;291.15;291.15;291.777106242;291.15;291.483020775;291.15;291.15;291.15;291.15;291.15
2014-01-03 01:15:00;;;;;;;;;;;291.15;291.15;291.496433284;291.15;291.454468866;291.15;291.15;291.15;291.15;291.15
2014-01-03 01:30:00;;;;;;;;;;;291.15;291.15;291.439936753;291.15;291.426592582;291.15;291.15;291.15;291.15;291.15
2014-01-03 01:45:00;;;;;;;;;;;291.15;291.15;291.40748115;291.15;291.399330627;291.15;291.15;291.15;291.15;291.15
2014-01-03 02:00:00;;;;;;;;;;;291.15;291.15;291.378203817;291.15;291.372644479;291.15;291.15;291.15;291.15;291.15
2014-01-03 02:15:00;;;;;;;;;;;291.15;291.15;291.348782705;291.15;291.345389774;291.15;291.15;291.15;291.15;291.15
2014-01-03 02:30:00;;;;;;;;;;;291.15;291.15;291.318722761;291.15;291.317308744;291.15;291.15;291.15;291.15;291.15
2014-01-03 02:45:00;;;;;;;;;;;291.15;291.15;291.289442947;291.15;291.289855054;291.15;291.15;291.15;291.15;291.15
2014-01-03 03:00:00;;;;;;;;;;;291.15;291.15;291.26260517;291.15;291.264703545;291.15;291.15;291.15;291.15;291.15
2014-01-03 03:15:00;;;;;;;;;;;291.15;291.15;291.237967395;291.15;291.241622212;291.15;291.15;291.15;291.15;291.15
2014-01-03 03:30:00;;;;;;;;;;;291.15;291.15;291.214059119;291.15;291.219149678;291.15;291.15;291.15;291.15;291.15
2014-01-03 03:45:00;;;;;;;;;;;291.15;291.15;291.19069977;291.15;291.197113844;291.15;291.15;291.15;291.15;291.15
2014-01-03 04:00:00;;;;;;;;;;;291.15;291.15;291.167844804;291.15;291.175478055;291.15;291.15;291.15;291.15;291.15
2014-01-03 04:15:00;;;;;;;;;;;291.15;291.15;291.15;291.15;291.154220984;291.15;291.15;291.15;291.15;291.15
2014-01-03 04:30:00;;;;;;;;;;;291.15;291.15;291.15;291.15;291.15;291.15;291.15;291.15;291.15;291.15
2014-01-03 04:45:00;;;;;;;;;;;291.15;291.15;291.15;291.15;291.15;291.15;291.15;291.15;291.15;291.15
2014-01-03 05:00:00;;;;;;;;;;;291.15;291.15;291.15;291.15;291.15;291.15;291.15;291.15;291.15;291.15
2014-01-03 05:15:00;;;;;;;;;;;291.15;290.530478123;291.15;291.15;291.15;291.15;291.15;291.15;291.15;290.538268322
2014-01-03 05:30:00;;;;;;;;;;;291.15;290.450501259;291.15;291.15;291.15;291.15;291.15;291.15;291.15;290.459280122
2014-01-03 05:45:00;;;;;;;;;;;290.484604439;290.424674453;291.15;290.812483061;291.15;291.15;291.15;290.834538178;291.15;290.433718833
2014-01-03 06:00:00;;;;;;;;;;;290.400814411;290.405072251;291.15;290.76154245;291.15;291.15;291.15;290.786112077;291.15;290.414297412
2014-01-03 06:15:00;;;;;;;;;;;290.376605283;290.386951904;291.15;290.739504734;291.15;291.15;291.15;290.764535138;291.15;290.396342125
2014-01-03 06:30:00;;;;;;;;;;;290.359066556;290.369371738;291.15;290.720955527;291.15;291.15;291.15;290.74621921;290.671966749;290.378919663
2014-01-03 06:45:00;;;;;;;;;;;290.342274187;290.351881954;291.15;290.702830283;291.15;290.470435108;291.15;290.728292894;290.608785395;290.361581701
2014-01-03 07:00:00;;;;;;;;;;;290.325228573;290.334079091;291.15;290.684426606;291.15;290.386659383;290.672371103;290.71007542;290.586695674;290.343925297
2014-01-03 07:15:00;;;;;;;;;;;290.306835434;290.314940835;291.15;290.664681048;291.15;290.361815688;290.60795581;290.690506444;290.567652014;290.32492845
2014-01-03 07:30:00;;;;;;;;;;;290.287168301;290.294551464;290.935324863;290.643670321;291.15;290.342061842;290.583648524;290.66966357;290.54780998;290.304675684
2014-01-03 07:45:00;;;;;;;;;;;290.26778818;290.274473709;290.896935089;290.622955753;291.15;290.323272668;290.564009633;290.649108661;290.528294357;290.284729944
2014-01-03 08:00:00;;;;;;;;;;;290.250460728;290.256472985;290.877148011;290.60430303;291.15;290.30659225;290.546880027;290.630607834;290.510815037;290.26685684
2014-01-03 08:15:00;;;;;;;;;;;290.236004257;290.241366785;290.862015045;290.588530458;291.15;290.292763311;290.532641046;290.614979785;290.496181431;290.251874048
2014-01-03 08:30:00;;;;;;;;;;;290.223951098;290.228686444;290.849457809;290.575170354;291.15;290.281307023;290.520769747;290.601757184;290.48392471;290.239313073
2014-01-03 08:45:00;;;;;;;;;;;290.214008955;290.218138635;290.838988937;290.563930399;291.15;290.271929639;290.510965768;290.590648048;290.473753312;290.228880751
2014-01-03 09:00:00;;;;;;;;;;;290.205238755;290.208783279;290.829640352;290.553871494;291.15;290.263692798;290.502289798;290.58071359;290.464729478;290.219637159
2014-01-03 09:15:00;;;;;;;;;;;290.196664714;290.19964363;290.820431966;290.544017821;291.15;290.255622054;290.493767711;290.570978288;290.455878895;290.210605692
2014-01-03 09:30:00;;;;;;;;;;;290.188437904;290.190869844;290.811515967;290.534520412;291.15;290.247869996;290.485552786;290.561593456;290.447354111;290.201936648
2014-01-03 09:45:00;;;;;;;;;;;290.180357691;290.182260419;290.80269442;290.525178589;291.15;290.240237511;290.477446706;290.552358678;290.438955914;290.193428656
2014-01-03 10:00:00;;;;;;;;;;;290.172525438;290.173915901;290.794071838;290.516093667;291.15;290.232827438;290.469553112;290.54337552;290.430787018;290.185182385
2014-01-03 10:15:00;;;;;;;;;;;290.164902003;290.165796372;290.785612281;290.507226451;291.15;290.225602037;290.46183504;290.534605024;290.422809552;290.177158039
2014-01-03 10:30:00;;;;;;;;;;;290.157354852;290.157768566;290.777186315;290.498444348;290.902747391;290.2184301;290.454162018;290.525914822;290.414892179;290.169222462
2014-01-03 10:45:00;;;;;;;;;;;290.149734571;290.149682377;290.768647473;290.489597885;290.873488536;290.211163463;290.446386574;290.517155652;290.406886607;290.161225658
2014-01-03 11:00:00;;;;;;;;;;;290.142011865;290.141507856;290.75996924;290.480657704;290.864919738;290.203774012;290.438481244;290.508298356;290.398764596;290.153137779
2014-01-03 11:15:00;;;;;;;;;;;290.133617195;290.132674846;290.750584692;290.471054199;290.857803039;290.195693314;290.429878206;290.49877352;290.389957594;290.144388765
2014-01-03 11:30:00;;;;;;;;;;;290.123899005;290.122531207;290.739844727;290.460135746;290.849486062;290.186270861;290.41992752;290.487929701;290.379814975;290.134326568
2014-01-03 11:45:00;;;;;;;;;;;290.112820236;290.111039325;290.727714587;290.447865215;290.839704673;290.175470576;290.408593643;290.475729939;290.368300549;290.122913665
2014-01-03 12:00:00;;;;;;;;;;;290.100309491;290.098127281;290.714125034;290.434171136;290.828360713;290.163221987;290.395806605;290.462102926;290.355343735;290.110078219
2014-01-03 12:15:00;;;;;;;;;;;290.086994527;290.084422335;290.699705848;290.419681192;290.816082107;290.150153722;290.382195501;290.447676499;290.341573053;290.096447571
2014-01-03 12:30:00;;;;;;;;;;;290.073577223;290.070625899;290.685160809;290.405097187;290.803575909;290.136968485;290.36846347;290.433152608;290.327691102;290.082723209
2014-01-03 12:45:00;;;;;;;;;;;290.060110588;290.056790534;290.670544702;290.390472051;290.790901468;290.123720053;290.354664701;290.418584322;290.313751562;290.068957769
2014-01-03 13:00:00;;;;;;;;;;;290.04658541;290.04290661;290.655849984;290.375796494;290.77805608;290.110399946;290.340791094;290.403962482;290.299745853;290.055141689
2014-01-03 13:15:00;;;;;;;;;;;290.032966025;290.028938063;290.641042555;290.361034775;290.765010409;290.096973184;290.326808028;290.389251472;290.285638902;290.041238972
2014-01-03 13:30:00;;;;;;;;;;;290.019205162;290.014837245;290.626076609;290.346139542;290.751723225;290.083393145;290.312669214;290.374404059;290.271383992;290.027202034
2014-01-03 13:45:00;;;;;;;;;;;290.005233696;290.000534671;290.610884393;290.331041588;290.738131116;290.069591309;290.298306446;290.359351149;290.256912517;290.01296145
2014-01-03 14:00:00;;;;;;;;;;;289.991005776;289.98598415;290.595421344;290.315694984;290.724193624;290.055522403;290.283674741;290.34404692;290.242179114;289.998471089
2014-01-03 14:15:00;;;;;;;;;;;289.975575468;289.970239427;290.578742734;290.299153715;290.708969892;290.040241033;290.267828978;290.327545458;290.226238307;289.98278475
2014-01-03 14:30:00;;;;;;;;;;;289.958239852;289.952597273;290.56014677;290.280714777;290.69176178;290.023044788;290.250067;290.309143858;290.208387601;289.965199259
2014-01-03 14:45:00;;;;;;;;;;;289.939293906;289.933352377;290.539929489;290.260673069;290.672868765;290.004229127;290.230684505;290.289137109;290.188922376;289.946009354
2014-01-03 15:00:00;;;;;;;;;;;289.919205839;289.912972671;290.518560093;290.239496718;290.652763293;289.984262713;290.210150376;290.267993429;290.168311217;289.925683019
2014-01-03 15:15:00;;;;;;;;;;;289.897642763;289.891125005;290.49570662;290.216852754;290.631116461;289.962813086;290.18813236;290.24537993;290.146221587;289.903887147
2014-01-03 15:30:00;;;;;;;;;;;289.874724346;289.867928797;290.471489607;290.192860765;290.608051691;289.940000317;290.16475072;290.22141628;290.122773485;289.880741204
2014-01-03 15:45:00;;;;;;;;;;;289.851738503;289.844671725;290.447197785;290.168808586;290.58486043;289.917112703;290.141293934;290.19739039;290.099255135;289.857532911
2014-01-03 16:00:00;;;;;;;;;;;289.829967665;289.822635994;290.424114344;290.145978567;290.562828436;289.895433032;290.119044957;290.174584683;290.076949255;289.835544514
2014-01-03 16:15:00;;;;;;;;;;;289.809983857;289.802393414;290.402812023;290.124942652;290.542530866;289.87553367;290.098576309;290.153571173;290.056428142;289.815347862
2014-01-03 16:30:00;;;;;;;;;;;289.790907758;289.78306446;290.382412169;290.104821442;290.523091348;289.856535615;290.079009135;290.133470526;290.036812728;289.796063469
2014-01-03 16:45:00;;;;;;;;;;;289.771805539;289.763715107;290.361981576;290.084681028;290.503578832;289.837505341;290.059410042;290.113348896;290.017169422;289.776757347
2014-01-03 17:00:00;;;;;;;;;;;289.751725441;289.743393413;290.34056907;290.063569574;294.15;289.817491374;290.038827685;290.092254508;289.996546687;289.756477588
2014-01-03 17:15:00;;;;;;;;;;;289.730743778;289.722175512;290.31825151;290.041563314;294.15;289.796570297;290.01733876;294.15;289.975021044;289.735300362
2014-01-03 17:30:00;;;;;;;;;;;289.709619761;289.700820448;290.295788619;290.019421384;294.15;289.775501577;289.995702844;294.15;289.953351899;289.713984744
2014-01-03 17:45:00;;;;;;;;;;;289.688433253;289.679407923;290.273260737;289.99722357;294.15;289.754365317;289.97400014;294.15;289.931619296;289.692610469
2014-01-03 18:00:00;;;;;;;;;;;289.667193313;289.657946841;294.15;294.15;294.15;289.733170803;289.952240028;294.15;289.909832465;289.671186471
2014-01-03 18:15:00;;;;;;;;;;;289.645901548;289.636439232;294.15;294.15;294.15;289.71191986;294.15;294.15;294.15;289.649714241
2014-01-03 18:30:00;;;;;;;;;;;294.15;289.614889365;294.15;294.15;294.15;289.690613465;294.15;294.15;294.15;294.15
2014-01-03 18:45:00;;;;;;;;;;;294.15;289.593301754;294.15;294.15;294.15;289.669252451;294.15;294.15;294.15;294.15
2014-01-03 19:00:00;;;;;;;;;;;294.15;294.15;294.15;294.15;294.15;294.15;294.15;294.15;294.15;294.15
2014-01-03 19:15:00;;;;;;;;;;;294.15;294.15;294.15;294.15;294.15;294.15;294.15;294.15;294.15;294.15
2014-01-03 19:30:00;;;;;;;;;;;294.15;294.15;294.15;294.15;294.15;294.15;294.15;294.15;294.15;294.15
2014-01-03 19:45:00;;;;;;;;;;;294.15;294.15;294.15;294.15;294.15;294.15;294.15;294.15;294.15;294.15
2014-01-03 20:00:00;;;;;;;;;;;294.15;294.15;294.15;294.15;294.15;294.15;294.15;294.15;294.15;294.15
2014-01-03 20:15:00;;;;;;;;;;;294.15;294.15;294.15;294.15;294.15;294.15;294.15;294.15;294.15;294.15
2014-01-03 20:30:00;;;;;;;;;;;294.15;294.15;294.15;294.15;294.15;294.15;294.15;294.15;294.15;294.15
2014-01-03 20:45:00;;;;;;;;;;;294.15;294.15;294.15;294.15;294.15;294.15;294.15;294.15;294.15;294.15
2014-01-03 21:00:00;;;;;;;;;;;294.15;294.15;294.15;294.15;294.15;294.15;294.15;294.15;294.15;294.15
2014-01-03 21:15:00;;;;;;;;;;;294.15;294.15;294.15;294.15;294.15;294.15;294.15;294.15;294.15;294.15
2014-01-03 21:30:00;;;;;;;;;;;294.15;294.15;294.15;294.15;294.15;294.15;294.15;294.15;294.15;294.15
2014-01-03 21:45:00;;;;;;;;;;;294.15;294.15;294.15;294.15;294.15;294.15;294.15;294.15;294.15;294.15
2014-01-03 22:00:00;;;;;;;;;;;291.15;294.15;294.15;294.15;294.15;294.15;294.15;294.15;294.15;294.15
2014-01-03 22:15:00;;;;;;;;;;;291.15;294.15;294.15;294.15;294.15;291.15;294.15;294.15;294.15;294.15
2014-01-03 22:30:00;;;;;;;;;;;291.15;294.15;294.15;294.15;294.15;291.15;294.15;294.15;294.15;291.15
2014-01-03 22:45:00;;;;;;;;;;;291.15;294.15;294.15;294.15;294.15;291.15;294.15;294.15;294.15;291.15
2014-01-03 23:00:00;;;;;;;;;;;291.15;291.15;294.15;294.15;294.15;291.15;294.15;294.15;294.15;291.15
2014-01-03 23:15:00;;;;;;;;;;;291.15;291.15;294.15;294.15;294.15;291.15;291.365830153;294.15;291.342175987;291.15
2014-01-03 23:30:00;;;;;;;;;;;291.15;291.15;294.15;294.15;294.15;291.15;291.15;291.606827614;291.15;291.15
2014-01-03 23:45:00;;;;;;;;;;;291.15;291.15;294.15;294.15;294.15;291.15;291.15;291.310440237;291.15;291.15
2014-01-04 00:00:00;;;;;;;;;;;291.15;291.15;294.15;291.53003993;291.887638428;291.15;291.15;291.250563045;291.15;291.15
2014-01-04 00:15:00;;;;;;;;;;;291.15;291.15;294.15;291.219066213;291.613089519;291.15;291.15;291.213005174;291.15;291.15
2014-01-04 00:30:00;;;;;;;;;;;291.15;291.15;294.15;291.154713381;291.551696705;291.15;291.15;291.178330639;291.15;291.15
2014-01-04 00:45:00;;;;;;;;;;;291.15;291.15;294.15;291.15;291.513042135;291.15;291.15;291.15;291.15;291.15
2014-01-04 01:00:00;;;;;;;;;;;291.15;291.15;291.760773334;291.15;291.477277212;291.15;291.15;291.15;291.15;291.15
2014-01-04 01:15:00;;;;;;;;;;;291.15;291.15;291.472127952;291.15;291.441785124;291.15;291.15;291.15;291.15;291.15
2014-01-04 01:30:00;;;;;;;;;;;291.15;291.15;291.408051461;291.15;291.406420346;291.15;291.15;291.15;291.15;291.15
2014-01-04 01:45:00;;;;;;;;;;;291.15;291.15;291.368592037;291.15;291.372145972;291.15;291.15;291.15;291.15;291.15
2014-01-04 02:00:00;;;;;;;;;;;291.15;291.15;291.333951862;291.15;291.340075946;291.15;291.15;291.15;291.15;291.15
2014-01-04 02:15:00;;;;;;;;;;;291.15;291.15;291.301557075;291.15;291.309823374;291.15;291.15;291.15;291.15;291.15
2014-01-04 02:30:00;;;;;;;;;;;291.15;291.15;291.269935771;291.15;291.280154753;291.15;291.15;291.15;291.15;291.15
2014-01-04 02:45:00;;;;;;;;;;;291.15;291.15;291.238898934;291.15;291.250916027;291.15;291.15;291.15;291.15;291.15
2014-01-04 03:00:00;;;;;;;;;;;291.15;291.15;291.208393436;291.15;291.222067163;291.15;291.15;291.15;291.15;291.15
2014-01-04 03:15:00;;;;;;;;;;;291.15;291.15;291.178382559;291.15;291.193581612;291.15;291.15;291.15;291.15;291.15
2014-01-04 03:30:00;;;;;;;;;;;291.15;291.15;291.15;291.15;291.165435738;291.15;291.15;291.15;291.15;291.15
2014-01-04 03:45:00;;;;;;;;;;;291.15;291.15;291.15;291.15;291.15;291.15;291.15;291.15;291.15;291.15
2014-01-04 04:00:00;;;;;;;;;;;291.15;291.15;291.15;291.15;291.15;291.15;291.15;291.15;291.15;291.15
2014-01-04 04:15:00;;;;;;;;;;;291.15;291.15;291.15;291.15;291.15;291.15;291.15;291.15;291.15;291.15
2014-01-04 04:30:00;;;;;;;;;;;291.15;291.15;291.15;291.15;291.15;291.15;291.15;291.15;291.15;291.15
2014-01-04 04:45:00;;;;;;;;;;;291.15;291.15;291.15;291.15;291.15;291.15;291.15;291.15;291.15;291.15
2014-01-04 05:00:00;;;;;;;;;;;291.15;291.15;291.15;291.15;291.15;291.15;291.15;291.15;291.15;291.15
2014-01-04 05:15:00;;;;;;;;;;;291.15;290.420467042;291.15;291.15;291.15;291.15;291.15;291.15;291.15;290.431693148
2014-01-04 05:30:00;;;;;;;;;;;291.15;290.326214381;291.15;291.15;291.15;291.15;291.15;291.15;291.15;290.338781214
2014-01-04 05:45:00;;;;;;;;;;;290.376846001;290.296408968;291.15;290.725431487;291.15;291.15;291.15;290.74978761;291.15;290.309272105
2014-01-04 06:00:00;;;;;;;;;;;290.278611759;290.273209229;291.15;290.662226013;291.15;291.15;291.15;290.689334194;291.15;290.286250357
2014-01-04 06:15:00;;;;;;;;;;;290.248623869;290.250474589;291.15;290.634656981;291.15;291.15;291.15;290.662248394;291.15;290.263674474
2014-01-04 06:30:00;;;;;;;;;;;290.225700854;290.227660803;291.15;290.610766214;291.15;291.15;291.15;290.638590906;290.574427004;290.241011755
2014-01-04 06:45:00;;;;;;;;;;;290.203400457;290.204705062;291.15;290.587151084;291.15;290.356751391;291.15;290.615172431;290.496113931;290.218201211
2014-01-04 07:00:00;;;;;;;;;;;290.181026725;290.181603151;291.15;290.563431865;291.15;290.25633537;290.571237222;290.591637016;290.467671557;290.195239187
2014-01-04 07:15:00;;;;;;;;;;;290.158502168;290.158360093;291.15;290.539564077;291.15;290.226142271;290.492670288;290.567943524;290.444371222;290.172131023
2014-01-04 07:30:00;;;;;;;;;;;290.135821653;290.134982865;290.83483519;290.515546164;291.15;290.203214708;290.464268961;290.544091311;290.421485153;290.148883942
2014-01-04 07:45:00;;;;;;;;;;;290.113210573;290.111698856;290.783058116;290.491604029;291.15;290.181147549;290.441254022;290.520306808;290.39871736;290.12572554
2014-01-04 08:00:00;;;;;;;;;;;290.090946611;290.088785606;290.757275974;290.468015535;291.15;290.159496912;290.419141639;290.496868304;290.376280359;290.102933551
2014-01-04 08:15:00;;;;;;;;;;;290.072209986;290.069422572;290.737754505;290.447961038;291.15;290.141356304;290.400586381;290.476956528;290.357344315;290.083687611
2014-01-04 08:30:00;;;;;;;;;;;290.059071039;290.055679144;290.724101542;290.433510995;291.15;290.128783453;290.387593476;290.462642287;290.343978257;290.070057276
2014-01-04 08:45:00;;;;;;;;;;;290.050249366;290.046273923;290.714751381;290.423385106;291.15;290.120496227;290.378873215;290.4526456;290.334902524;290.060761308
2014-01-04 09:00:00;;;;;;;;;;;290.042382564;290.037843534;290.706302674;290.414221057;291.15;290.113132847;290.371062781;290.443604461;290.326756074;290.052436482
2014-01-04 09:15:00;;;;;;;;;;;290.033704952;290.028621361;290.696984269;290.404253245;291.15;290.10492893;290.362398149;290.433753553;290.317774753;290.043316325
2014-01-04 09:30:00;;;;;;;;;;;290.02560671;290.019996699;290.688187373;290.394871915;291.15;290.097276149;290.35427174;290.424483394;290.309350276;290.034790269
2014-01-04 09:45:00;;;;;;;;;;;290.017126211;290.011007079;290.678953141;290.385115496;291.15;290.089214382;290.345724295;290.414832667;290.300522493;290.025895972
2014-01-04 10:00:00;;;;;;;;;;;290.008333583;290.001721835;290.669354975;290.375054159;291.15;290.08081522;290.336828271;290.40487179;290.291362939;290.016702891
2014-01-04 10:15:00;;;;;;;;;;;289.999314796;289.992226185;290.65948218;290.364773911;291.15;290.072166021;290.327671866;290.394686998;290.281958906;290.007296363
2014-01-04 10:30:00;;;;;;;;;;;289.99021561;289.982665181;290.649483745;290.35442054;290.819355408;290.063413864;290.318402955;290.384424297;290.272457403;289.997821548
2014-01-04 10:45:00;;;;;;;;;;;289.981011657;289.973013781;290.639338376;290.343969695;290.779913578;290.054535619;290.308999158;290.374059543;290.262835228;289.988253512
2014-01-04 11:00:00;;;;;;;;;;;289.971640422;289.963208839;290.628986458;290.333358875;290.768731058;290.045469942;290.299399834;290.363530431;290.253030967;289.978529208
2014-01-04 11:15:00;;;;;;;;;;;289.962039077;289.953186926;290.61836789;290.322525256;290.760241171;290.036155104;290.289543916;290.352774323;290.242982822;289.968585304
2014-01-04 11:30:00;;;;;;;;;;;289.952137887;289.942877738;290.607415498;290.311399101;290.751657984;290.026522406;290.279363323;290.341721657;290.232622024;289.958351586
2014-01-04 11:45:00;;;;;;;;;;;289.941845728;289.932189618;290.596040563;290.299889283;290.742587221;290.0164817;290.268768488;290.330281473;290.221858359;289.947736485
2014-01-04 12:00:00;;;;;;;;;;;289.931086336;289.921045791;290.584169076;290.287919522;290.732917352;290.005957639;290.257684608;290.318377649;290.210616411;289.936663308
2014-01-04 12:15:00;;;;;;;;;;;289.919738093;289.90932416;290.571681536;290.275368185;290.722525888;289.994829471;290.245991438;290.305888704;290.198775364;289.925010037
2014-01-04 12:30:00;;;;;;;;;;;289.907771947;289.896995216;290.558550873;290.262206198;290.711388847;289.983068957;290.233661216;290.292785705;290.186306913;289.912747239
2014-01-04 12:45:00;;;;;;;;;;;289.895303144;289.884173776;290.544894196;290.248548782;290.699627883;289.970792109;290.220810401;290.279184009;290.173327008;289.899989803
2014-01-04 13:00:00;;;;;;;;;;;289.882461138;289.870988885;290.530842706;290.234525363;290.687379058;289.958129104;290.20756959;290.265213171;290.159965764;289.886866843
2014-01-04 13:15:00;;;;;;;;;;;289.869074356;289.857268582;290.516226467;290.219964335;290.674477238;289.944909049;290.193768277;290.250701707;290.146052225;289.873206464
2014-01-04 13:30:00;;;;;;;;;;;289.85475175;289.842621452;290.500655964;290.204474613;290.660537522;289.930741535;290.179016421;290.235258648;290.131195922;289.858617313
2014-01-04 13:45:00;;;;;;;;;;;289.839263466;289.826817294;290.483902785;290.187826307;290.645335882;289.915397314;290.163085117;290.218654215;290.115167548;289.84286925
2014-01-04 14:00:00;;;;;;;;;;;289.822473418;289.809719692;290.465832195;290.169883289;290.628741721;289.898740868;290.145839166;290.200752386;290.097831527;289.825825917
2014-01-04 14:15:00;;;;;;;;;;;289.803931324;289.790878051;290.445995175;290.150195235;290.610309934;289.880322452;290.126829124;290.181102936;290.078738055;289.807036772
2014-01-04 14:30:00;;;;;;;;;;;289.783298622;289.76995351;290.424054351;290.128423536;290.589706828;289.859804007;290.105717212;290.159367352;290.057549019;289.786163008
2014-01-04 14:45:00;;;;;;;;;;;289.760624268;289.746994744;290.400059791;290.104617102;290.566985947;289.837234967;290.082553125;290.135594635;290.034313796;289.763253351
2014-01-04 15:00:00;;;;;;;;;;;289.736101872;289.722195093;290.374206147;290.078969495;290.542345215;289.812809391;290.057531168;290.109978432;290.009226389;289.73850119
2014-01-04 15:15:00;;;;;;;;;;;289.71002123;289.695844101;290.346784193;290.05177046;290.516078496;289.786817499;290.030941791;290.082808574;289.982576968;289.712196114
2014-01-04 15:30:00;;;;;;;;;;;289.683030285;289.668589467;290.318442787;290.023667888;290.488837556;289.759907632;290.003433547;290.054733028;289.955013819;289.684985866
2014-01-04 15:45:00;;;;;;;;;;;289.655991203;289.641293874;290.290044954;289.995523894;290.461488165;289.732942335;289.975869181;290.026613985;289.927399435;289.657732427
2014-01-04 16:00:00;;;;;;;;;;;289.629593905;289.614651784;290.262281418;289.968028345;290.434723635;289.706611883;289.948939156;289.999141383;289.90042404;289.631125941
2014-01-04 16:15:00;;;;;;;;;;;289.604139738;289.588969393;290.23545428;289.941482534;290.408848509;289.681217961;289.92294533;289.972616585;289.87438927;289.605470549
2014-01-04 16:30:00;;;;;;;;;;;289.579157811;289.563780398;290.209093353;289.915415512;290.383394902;289.656289991;289.897417287;289.946568706;289.848824498;289.580300336
2014-01-04 16:45:00;;;;;;;;;;;289.553928734;289.538369196;290.182479486;289.889107414;290.357645838;289.631108463;289.87163567;289.920277944;289.823010164;289.554900302
2014-01-04 17:00:00;;;;;;;;;;;289.527692355;289.51197636;290.154850088;289.861794972;294.15;289.604910448;289.84483769;289.892981091;289.796183293;289.528511605
2014-01-04 17:15:00;;;;;;;;;;;289.500581216;289.48473272;290.126333161;289.833606049;294.15;289.577823635;289.81715117;294.15;289.768471527;289.501265621
2014-01-04 17:30:00;;;;;;;;;;;289.473281134;289.457322255;290.097610097;289.80522486;294.15;289.550529128;289.789257334;294.15;289.740555923;289.473846837
2014-01-04 17:45:00;;;;;;;;;;;289.445868538;289.42981966;290.068753146;289.776728123;294.15;289.523098905;289.761228276;294.15;289.712508415;289.446330418
2014-01-04 18:00:00;;;;;;;;;;;289.418356088;289.402235981;294.15;294.15;294.15;289.495542133;289.73307257;294.15;289.684337638;289.418727851
2014-01-04 18:15:00;;;;;;;;;;;289.390749463;289.374575399;294.15;294.15;294.15;289.467865157;294.15;294.15;294.15;289.391043723
2014-01-04 18:30:00;;;;;;;;;;;294.15;289.346841147;294.15;294.15;294.15;289.440074553;294.15;294.15;294.15;294.15
2014-01-04 18:45:00;;;;;;;;;;;294.15;289.319036147;294.15;294.15;294.15;289.412176482;294.15;294.15;294.15;294.15
2014-01-04 19:00:00;;;;;;;;;;;294.15;294.15;294.15;294.15;294.15;294.15;294.15;294.15;294.15;294.15
2014-01-04 19:15:00;;;;;;;;;;;294.15;294.15;294.15;294.15;294.15;294.15;294.15;294.15;294.15;294.15
2014-01-04 19:30:00;;;;;;;;;;;294.15;294.15;294.15;294.15;294.15;294.15;294.15;294.15;294.15;294.15
2014-01-04 19:45:00;;;;;;;;;;;294.15;294.15;294.15;294.15;294.15;294.15;294.15;294.15;294.15;294.15
2014-01-04 20:00:00;;;;;;;;;;;294.15;294.15;294.15;294.15;294.15;294.15;294.15;294.15;294.15;294.15
2014-01-04 20:15:00;;;;;;;;;;;294.15;294.15;294.15;294.15;294.15;294.15;294.15;294.15;294.15;294.15
2014-01-04 20:30:00;;;;;;;;;;;294.15;294.15;294.15;294.15;294.15;294.15;294.15;294.15;294.15;294.15
2014-01-04 20:45:00;;;;;;;;;;;294.15;294.15;294.15;294.15;294.15;294.15;294.15;294.15;294.15;294.15
2014-01-04 21:00:00;;;;;;;;;;;294.15;294.15;294.15;294.15;294.15;294.15;294.15;294.15;294.15;294.15
2014-01-04 21:15:00;;;;;;;;;;;294.15;294.15;294.15;294.15;294.15;294.15;294.15;294.15;294.15;294.15
2014-01-04 21:30:00;;;;;;;;;;;294.15;294.15;294.15;294.15;294.15;294.15;294.15;294.15;294.15;294.15
2014-01-04 21:45:00;;;;;;;;;;;294.15;294.15;294.15;294.15;294.15;294.15;294.15;294.15;294.15;294.15
2014-01-04 22:00:00;;;;;;;;;;;291.15;294.15;294.15;294.15;294.15;294.15;294.15;294.15;294.15;294.15
2014-01-04 22:15:00;;;;;;;;;;;291.15;294.15;294.15;294.15;294.15;291.15;294.15;294.15;294.15;294.15
2014-01-04 22:30:00;;;;;;;;;;;291.15;294.15;294.15;294.15;294.15;291.15;294.15;294.15;294.15;291.15
2014-01-04 22:45:00;;;;;;;;;;;291.15;294.15;294.15;294.15;294.15;291.15;294.15;294.15;294.15;291.15
2014-01-04 23:00:00;;;;;;;;;;;291.15;291.15;294.15;294.15;294.15;291.15;294.15;294.15;294.15;291.15
2014-01-04 23:15:00;;;;;;;;;;;291.15;291.15;294.15;294.15;294.15;291.15;291.15;294.15;291.15;291.15
2014-01-04 23:30:00;;;;;;;;;;;291.15;291.15;294.15;294.15;294.15;291.15;291.15;291.391649082;291.15;291.15
2014-01-04 23:45:00;;;;;;;;;;;291.15;291.15;294.15;294.15;294.15;291.15;291.15;291.15;291.15;291.15
2014-01-05 00:00:00;;;;;;;;;;;291.15;291.15;294.15;291.301343119;291.690035077;291.15;291.15;291.15;291.15;291.15
2014-01-05 00:15:00;;;;;;;;;;;291.15;291.15;294.15;291.15;291.391833905;291.15;291.15;291.15;291.15;291.15
2014-01-05 00:30:00;;;;;;;;;;;291.15;291.15;294.15;291.15;291.324961206;291.15;291.15;291.15;291.15;291.15
2014-01-05 00:45:00;;;;;;;;;;;291.15;291.15;294.15;291.15;291.282792717;291.15;291.15;291.15;291.15;291.15
2014-01-05 01:00:00;;;;;;;;;;;291.15;291.15;291.547490487;291.15;291.243791889;291.15;291.15;291.15;291.15;291.15
2014-01-05 01:15:00;;;;;;;;;;;291.15;291.15;291.233243504;291.15;291.204695446;291.15;291.15;291.15;291.15;291.15
2014-01-05 01:30:00;;;;;;;;;;;291.15;291.15;291.162387457;291.15;291.164975835;291.15;291.15;291.15;291.15;291.15
2014-01-05 01:45:00;;;;;;;;;;;291.15;291.15;291.15;291.15;291.15;291.15;291.15;291.15;291.15;291.15
2014-01-05 02:00:00;;;;;;;;;;;291.15;291.15;291.15;291.15;291.15;291.15;291.15;291.15;291.15;291.15
2014-01-05 02:15:00;;;;;;;;;;;291.15;291.15;291.15;291.15;291.15;291.15;291.15;291.15;291.15;291.15
2014-01-05 02:30:00;;;;;;;;;;;291.15;291.15;291.15;291.15;291.15;291.15;291.15;291.15;291.15;291.15
2014-01-05 02:45:00;;;;;;;;;;;291.15;291.15;291.15;291.15;291.15;291.15;291.15;291.15;291.15;291.15
2014-01-05 03:00:00;;;;;;;;;;;291.15;291.15;291.15;291.15;291.15;291.15;291.15;291.15;291.15;291.15
2014-01-05 03:15:00;;;;;;;;;;;291.15;291.15;291.15;291.15;291.15;291.15;291.15;291.15;291.15;291.15
2014-01-05 03:30:00;;;;;;;;;;;291.15;291.15;291.15;291.15;291.15;291.15;291.15;291.15;291.15;291.15
2014-01-05 03:45:00;;;;;;;;;;;291.15;291.15;291.15;291.15;291.15;291.15;291.15;291.15;291.15;291.15
2014-01-05 04:00:00;;;;;;;;;;;291.15;291.15;291.15;291.15;291.15;291.15;291.15;291.15;291.15;291.15
2014-01-05 04:15:00;;;;;;;;;;;291.15;291.15;291.15;291.15;291.15;291.15;291.15;291.15;291.15;291.15
2014-01-05 04:30:00;;;;;;;;;;;291.15;291.15;291.15;291.15;291.15;291.15;291.15;291.15;291.15;291.15
2014-01-05 04:45:00;;;;;;;;;;;291.15;291.15;291.15;291.15;291.15;291.15;291.15;291.15;291.15;291.15
2014-01-05 05:00:00;;;;;;;;;;;291.15;291.15;291.15;291.15;291.15;291.15;291.15;291.15;291.15;291.15
2014-01-05 05:15:00;;;;;;;;;;;291.15;290.20161188;291.15;291.15;291.15;291.15;291.15;291.15;291.15;290.216920856
2014-01-05 05:30:00;;;;;;;;;;;291.15;290.080404051;291.15;291.15;291.15;291.15;291.15;291.15;291.15;290.097470689
2014-01-05 05:45:00;;;;;;;;;;;290.16408423;290.043821711;291.15;290.518730902;291.15;291.15;291.15;290.544904863;291.15;290.061219907
2014-01-05 06:00:00;;;;;;;;;;;290.03960741;290.015881266;291.15;290.429932679;291.15;291.15;291.15;290.459053142;291.15;290.033452709
2014-01-05 06:15:00;;;;;;;;;;;290.002694009;289.988492302;291.15;290.395523153;291.15;291.15;291.15;290.425151621;291.15;290.006213335
2014-01-05 06:30:00;;;;;;;;;;;289.974868578;289.961031465;291.15;290.366754558;291.15;291.15;291.15;290.396622959;290.369201041;289.978893699
2014-01-05 06:45:00;;;;;;;;;;;289.947878436;289.933426345;291.15;290.338466459;291.15;290.145936014;291.15;290.368535955;290.265300613;289.951423623
2014-01-05 07:00:00;;;;;;;;;;;289.920835061;289.905671496;291.15;290.310092134;291.15;290.019342865;290.36826428;290.340349381;290.22999875;289.923798281
2014-01-05 07:15:00;;;;;;;;;;;289.893533017;289.877665462;291.15;290.28145983;291.15;289.98211539;290.264231651;290.311895032;290.201692955;289.895916556
2014-01-05 07:30:00;;;;;;;;;;;289.866441264;289.849892118;290.621773773;290.253042226;291.15;289.954539259;290.229251511;290.283646541;290.174376471;289.868262588
2014-01-05 07:45:00;;;;;;;;;;;289.841541985;289.824336116;290.546022141;290.226822097;291.15;289.930161975;290.203723008;290.257587228;290.149323347;289.842821252
2014-01-05 08:00:00;;;;;;;;;;;289.821231712;289.803393922;290.519997818;290.205196231;291.15;289.910466196;290.183544978;290.236114319;290.128843852;289.821989225
2014-01-05 08:15:00;;;;;;;;;;;289.810102822;289.791657126;290.507928583;290.192757207;291.15;289.899935803;290.172598978;290.223820777;290.117517523;289.810358289
2014-01-05 08:30:00;;;;;;;;;;;289.809084256;289.790053658;290.506454043;290.190434148;291.15;289.899484224;290.171727864;290.22163608;290.116271548;289.808856554
2014-01-05 08:45:00;;;;;;;;;;;289.815348547;289.795754992;290.512266928;290.195399749;291.15;289.906281788;290.178092121;290.226733256;290.122279174;289.814655667
2014-01-05 09:00:00;;;;;;;;;;;289.824194975;289.804059367;290.520605743;290.202953438;291.15;289.915628355;290.186990214;290.234412044;290.130841117;289.823054029
2014-01-05 09:15:00;;;;;;;;;;;289.833196137;289.812538382;290.529034894;290.21066794;291.15;289.925097886;290.195996418;290.242245465;290.13953161;289.831623392
2014-01-05 09:30:00;;;;;;;;;;;289.844740224;289.823579277;290.539943316;290.220931565;291.15;289.937080166;290.207501295;290.252622108;290.150740495;289.842751144
2014-01-05 09:45:00;;;;;;;;;;;289.857627187;289.835981106;290.552133885;290.232544365;291.15;289.950376762;290.220307323;290.264342287;290.163269317;289.855236475
2014-01-05 10:00:00;;;;;;;;;;;289.87234622;289.850232213;290.566099316;290.245995625;291.15;289.965478441;290.234906193;290.277895539;290.177608786;289.869567864
2014-01-05 10:15:00;;;;;;;;;;;289.889381922;289.866816393;290.582327809;290.261770021;291.15;289.982871295;290.251784892;290.293766774;290.19424493;289.886229228
2014-01-05 10:30:00;;;;;;;;;;;289.909766588;289.886765185;290.601855162;290.280899917;290.81957655;290.003589038;290.271977985;290.312988581;290.21421139;289.906252226
2014-01-05 10:45:00;;;;;;;;;;;289.93089571;289.907473364;290.622080197;290.30078086;290.807492208;290.025028495;290.292883098;290.332956719;290.234904919;289.927031745
2014-01-05 11:00:00;;;;;;;;;;;289.95170997;289.927880935;290.641946745;290.320353583;290.8262652;290.046131606;290.313442926;290.352612121;290.255267387;289.947507899
2014-01-05 11:15:00;;;;;;;;;;;289.970666281;289.946444172;290.659914679;290.338075036;290.846387112;290.065356468;290.332116272;290.370411929;290.273756821;289.966137062
2014-01-05 11:30:00;;;;;;;;;;;289.988675285;289.964073113;290.676897426;290.354855893;290.865791573;290.083614838;290.349815557;290.387266997;290.291284908;289.98382937
2014-01-05 11:45:00;;;;;;;;;;;290.005869039;289.980899241;290.693029652;290.370828234;290.884278746;290.101039819;290.366674506;290.403309577;290.307984684;290.000716399
2014-01-05 12:00:00;;;;;;;;;;;290.02354155;289.998216026;290.709607817;290.387286083;290.903104036;290.118926408;290.383988697;290.419833854;290.325151078;290.018091704
2014-01-05 12:15:00;;;;;;;;;;;290.038319446;290.012649582;290.723260851;290.400856079;290.918892985;290.133902162;290.398386234;290.433466623;290.339411582;290.032581487
2014-01-05 12:30:00;;;;;;;;;;;290.049054818;290.023051518;290.732843003;290.410390318;290.930503053;290.144820046;290.408720594;290.443060125;290.349619098;290.043037434
2014-01-05 12:45:00;;;;;;;;;;;290.055716294;290.029390003;290.738324928;290.415857426;290.93790968;290.151649512;290.414961707;290.448583126;290.355743013;290.049427791
2014-01-05 13:00:00;;;;;;;;;;;290.059012602;290.032373332;290.740417255;290.417966126;290.941828625;290.155100064;290.417819527;290.450744482;290.358492771;290.052460926
2014-01-05 13:15:00;;;;;;;;;;;290.06043609;290.033493443;290.740614116;290.418208756;290.943759094;290.156664782;290.418787554;290.451036655;290.359361389;290.053628845
2014-01-05 13:30:00;;;;;;;;;;;290.059006644;290.031769832;290.73793707;290.415605187;290.942727521;290.155364239;290.416886754;290.448479637;290.357369381;290.051951112
2014-01-05 13:45:00;;;;;;;;;;;290.054304189;290.026782056;290.731967611;290.409735324;290.938320032;290.150779006;290.411698069;290.442653447;290.35209726;290.047007345
2014-01-05 14:00:00;;;;;;;;;;;290.044356802;290.016557844;290.720735293;290.398627225;290.928570555;290.140937775;290.401250533;290.431586249;290.34157366;290.036825334
2014-01-05 14:15:00;;;;;;;;;;;290.03051121;290.002443589;290.70558822;290.383627588;290.914831329;290.127187846;290.38689177;290.416624847;290.327145824;290.02275153
2014-01-05 14:30:00;;;;;;;;;;;290.011934031;289.983605598;290.685694309;290.363903006;290.896274163;290.10869638;290.367789246;290.396935931;290.307980858;290.003952296
2014-01-05 14:45:00;;;;;;;;;;;289.987830272;289.959248578;290.660259782;290.338658454;290.87210895;290.084668895;290.343148759;290.371724568;290.283284226;289.979632391
2014-01-05 15:00:00;;;;;;;;;;;289.958301953;289.929474266;290.629387799;290.307995917;290.842442309;290.055207892;290.313073076;290.341092834;290.253158374;289.949893601
2014-01-05 15:15:00;;;;;;;;;;;289.921854114;289.892787435;290.591584471;290.270420402;290.805783613;290.018818867;290.27606794;290.30354582;290.216108746;289.91324075
2014-01-05 15:30:00;;;;;;;;;;;289.880514122;289.851215196;290.548878166;290.227959237;290.764164306;289.977529615;290.234161378;290.261110935;290.174163086;289.871700993
2014-01-05 15:45:00;;;;;;;;;;;289.840423384;289.810898714;290.507411232;290.186753789;290.723729633;289.937481946;290.193495417;290.219929623;290.133463152;289.83141554
2014-01-05 16:00:00;;;;;;;;;;;289.80654091;289.776796768;290.472143562;290.151763027;290.689442223;289.903635251;290.15902965;290.184960928;290.098968287;289.797343213
2014-01-05 16:15:00;;;;;;;;;;;289.778515216;289.748557749;290.442724498;290.122635425;290.660953995;289.875638407;290.130413142;290.155853394;290.070327318;289.76913235
2014-01-05 16:30:00;;;;;;;;;;;289.751835778;289.721672383;290.414644291;290.094860414;290.633757634;289.848981228;290.103135885;290.12809652;290.043030011;289.742272257
2014-01-05 16:45:00;;;;;;;;;;;289.725920191;289.695563992;290.387321262;290.067855545;290.607273757;289.823081629;290.076615959;290.101107919;290.016494234;289.716181143
2014-01-05 17:00:00;;;;;;;;;;;289.700591821;289.670061159;290.360579459;290.041444138;294.15;289.79776328;290.050677187;290.074710975;289.99054361;289.690687151
2014-01-05 17:15:00;;;;;;;;;;;289.675840864;289.6451586;290.334409717;290.015616341;294.15;289.773016661;290.025310194;294.15;289.965168574;289.665785535
2014-01-05 17:30:00;;;;;;;;;;;289.651385751;289.62057815;290.308530504;289.990089978;294.15;289.748559912;290.000233254;294.15;289.940087222;289.641198731
2014-01-05 17:45:00;;;;;;;;;;;289.626640051;289.595733126;290.282352181;289.9642748;294.15;289.723803089;289.974856548;294.15;289.914709566;289.616340622
2014-01-05 18:00:00;;;;;;;;;;;289.600966373;289.569984283;294.15;294.15;294.15;289.698104068;289.948538068;294.15;289.888393437;289.590572491
2014-01-05 18:15:00;;;;;;;;;;;289.574532004;289.543497022;294.15;294.15;294.15;289.671625677;294.15;294.15;294.15;289.56406023
2014-01-05 18:30:00;;;;;;;;;;;294.15;289.516901261;294.15;294.15;294.15;289.644995483;294.15;294.15;294.15;294.15
2014-01-05 18:45:00;;;;;;;;;;;294.15;289.490265002;294.15;294.15;294.15;289.618279441;294.15;294.15;294.15;294.15
2014-01-05 19:00:00;;;;;;;;;;;294.15;294.15;294.15;294.15;294.15;294.15;294.15;294.15;294.15;294.15
2014-01-05 19:15:00;;;;;;;;;;;294.15;294.15;294.15;294.15;294.15;294.15;294.15;294.15;294.15;294.15
2014-01-05 19:30:00;;;;;;;;;;;294.15;294.15;294.15;294.15;294.15;294.15;294.15;294.15;294.15;294.15
2014-01-05 19:45:00;;;;;;;;;;;294.15;294.15;294.15;294.15;294.15;294.15;294.15;294.15;294.15;294.15
2014-01-05 20:00:00;;;;;;;;;;;294.15;294.15;294.15;294.15;294.15;294.15;294.15;294.15;294.15;294.15
2014-01-05 20:15:00;;;;;;;;;;;294.15;294.15;294.15;294.15;294.15;294.15;294.15;294.15;294.15;294.15
2014-01-05 20:30:00;;;;;;;;;;;294.15;294.15;294.15;294.15;294.15;294.15;294.15;294.15;294.15;294.15
2014-01-05 20:45:00;;;;;;;;;;;294.15;294.15;294.15;294.15;294.15;294.15;294.15;294.15;294.15;294.15
2014-01-05 21:00:00;;;;;;;;;;;294.15;294.15;294.15;294.15;294.15;294.15;294.15;294.15;294.15;294.15
2014-01-05 21:15:00;;;;;;;;;;;294.15;294.15;294.15;294.15;294.15;294.15;294.15;294.15;294.15;294.15
2014-01-05 21:30:00;;;;;;;;;;;294.15;294.15;294.15;294.15;294.15;294.15;294.15;294.15;294.15;294.15
2014-01-05 21:45:00;;;;;;;;;;;294.15;294.15;294.15;294.15;294.15;294.15;294.15;294.15;294.15;294.15
2014-01-05 22:00:00;;;;;;;;;;;291.15;294.15;294.15;294.15;294.15;294.15;294.15;294.15;294.15;294.15
2014-01-05 22:15:00;;;;;;;;;;;291.15;294.15;294.15;294.15;294.15;291.15;294.15;294.15;294.15;294.15
2014-01-05 22:30:00;;;;;;;;;;;291.15;294.15;294.15;294.15;294.15;291.15;294.15;294.15;294.15;291.15
2014-01-05 22:45:00;;;;;;;;;;;291.15;294.15;294.15;294.15;294.15;291.15;294.15;294.15;294.15;291.15
2014-01-05 23:00:00;;;;;;;;;;;291.15;291.15;294.15;294.15;294.15;291.15;294.15;294.15;294.15;291.15
2014-01-05 23:15:00;;;;;;;;;;;291.15;291.15;294.15;294.15;294.15;291.15;291.294985372;294.15;291.26168587;291.15
2014-01-05 23:30:00;;;;;;;;;;;291.15;291.15;294.15;294.15;294.15;291.15;291.15;291.514946003;291.15;291.15
2014-01-05 23:45:00;;;;;;;;;;;291.15;291.15;294.15;294.15;294.15;291.15;291.15;291.200133473;291.15;291.15
2014-01-06 00:00:00;;;;;;;;;;;291.15;291.15;294.15;291.424829675;291.838598059;291.15;291.15;291.15;291.15;291.15
2014-01-06 00:15:00;;;;;;;;;;;291.15;291.15;294.15;291.15;291.556606717;291.15;291.15;291.15;291.15;291.15
2014-01-06 00:30:00;;;;;;;;;;;291.15;291.15;294.15;291.15;291.492149667;291.15;291.15;291.15;291.15;291.15
2014-01-06 00:45:00;;;;;;;;;;;291.15;291.15;294.15;291.15;291.450936944;291.15;291.15;291.15;291.15;291.15
2014-01-06 01:00:00;;;;;;;;;;;291.15;291.15;291.67521035;291.15;291.412716681;291.15;291.15;291.15;291.15;291.15
2014-01-06 01:15:00;;;;;;;;;;;291.15;291.15;291.376027052;291.15;291.375343298;291.15;291.15;291.15;291.15;291.15
2014-01-06 01:30:00;;;;;;;;;;;291.15;291.15;291.309626152;291.15;291.33855728;291.15;291.15;291.15;291.15;291.15
2014-01-06 01:45:00;;;;;;;;;;;291.15;291.15;291.268093317;291.15;291.302297768;291.15;291.15;291.15;291.15;291.15
2014-01-06 02:00:00;;;;;;;;;;;291.15;291.15;291.229756505;291.15;291.266526865;291.15;291.15;291.15;291.15;291.15
2014-01-06 02:15:00;;;;;;;;;;;291.15;291.15;291.193685768;291.15;291.232577317;291.15;291.15;291.15;291.15;291.15
2014-01-06 02:30:00;;;;;;;;;;;291.15;291.15;291.160232873;291.15;291.201047714;291.15;291.15;291.15;291.15;291.15
2014-01-06 02:45:00;;;;;;;;;;;291.15;291.15;291.15;291.15;291.170654183;291.15;291.15;291.15;291.15;291.15
2014-01-06 03:00:00;;;;;;;;;;;291.15;291.15;291.15;291.15;291.15;291.15;291.15;291.15;291.15;291.15
2014-01-06 03:15:00;;;;;;;;;;;291.15;291.15;291.15;291.15;291.15;291.15;291.15;291.15;291.15;291.15
2014-01-06 03:30:00;;;;;;;;;;;291.15;291.15;291.15;291.15;291.15;291.15;291.15;291.15;291.15;291.15
2014-01-06 03:45:00;;;;;;;;;;;291.15;291.15;291.15;291.15;291.15;291.15;291.15;291.15;291.15;291.15
2014-01-06 04:00:00;;;;;;;;;;;291.15;291.15;291.15;291.15;291.15;291.15;291.15;291.15;291.15;291.15
2014-01-06 04:15:00;;;;;;;;;;;291.15;291.15;291.15;291.15;291.15;291.15;291.15;291.15;291.15;291.15
2014-01-06 04:30:00;;;;;;;;;;;291.15;291.15;291.15;291.15;291.15;291.15;291.15;291.15;291.15;291.15
2014-01-06 04:45:00;;;;;;;;;;;291.15;291.15;291.15;291.15;291.15;291.15;291.15;291.15;291.15;291.15
2014-01-06 05:00:00;;;;;;;;;;;291.15;291.15;291.15;291.15;291.15;291.15;291.15;291.15;291.15;291.15
2014-01-06 05:15:00;;;;;;;;;;;291.15;290.300819209;291.15;291.15;291.15;291.15;291.15;291.15;291.15;290.315367791
2014-01-06 05:30:00;;;;;;;;;;;291.15;290.191024802;291.15;291.15;291.15;291.15;291.15;291.15;291.15;290.207257545
2014-01-06 05:45:00;;;;;;;;;;;290.26312072;290.156361865;291.15;290.619190667;291.15;291.15;291.15;290.643529218;291.15;290.172924013
2014-01-06 06:00:00;;;;;;;;;;;290.149865971;290.12950358;291.15;290.541763792;291.15;291.15;291.15;290.568861519;291.15;290.146244149
2014-01-06 06:15:00;;;;;;;;;;;290.115272279;290.103355416;291.15;290.509690502;291.15;291.15;291.15;290.537280537;291.15;290.12025142
2014-01-06 06:30:00;;;;;;;;;;;290.088831553;290.077148591;291.15;290.482309187;291.15;291.15;291.15;290.510141494;290.470983483;290.094191624
2014-01-06 06:45:00;;;;;;;;;;;290.063123798;290.05079628;291.15;290.455304491;291.15;290.248253839;291.15;290.483342277;290.378848948;290.067980097
2014-01-06 07:00:00;;;;;;;;;;;290.037348773;290.024291904;291.15;290.428199277;291.15;290.133480455;290.471050456;290.456429567;290.345930067;290.041610875
2014-01-06 07:15:00;;;;;;;;;;;290.011630646;289.997853782;291.15;290.40115154;291.15;290.098959363;290.37921167;290.429564718;290.31934163;290.015302618
2014-01-06 07:30:00;;;;;;;;;;;289.986375239;289.97190141;290.727668317;290.374570838;291.15;290.073354239;290.347204113;290.403158213;290.293889996;289.989475089
2014-01-06 07:45:00;;;;;;;;;;;289.962106329;289.946960811;290.663403602;290.348981544;291.15;290.049636185;290.322449464;290.377734956;290.269483484;289.964654536
2014-01-06 08:00:00;;;;;;;;;;;289.939350032;289.923557969;290.636078002;290.324910033;291.15;290.027510789;290.299862421;290.353821744;290.246572203;289.941367154
2014-01-06 08:15:00;;;;;;;;;;;289.918892837;289.902478557;290.61480837;290.303142998;291.15;290.007666409;290.279612503;290.332205647;290.225931127;289.92039881
2014-01-06 08:30:00;;;;;;;;;;;289.900482632;289.883469433;290.595961858;290.28342851;291.15;289.989836767;290.261371947;290.312635079;290.207306633;289.901496546
2014-01-06 08:45:00;;;;;;;;;;;289.882986538;289.865396648;290.578021947;290.264633853;291.15;289.972887038;290.243997186;290.293977647;290.189566629;289.883526585
2014-01-06 09:00:00;;;;;;;;;;;289.864688285;289.846542882;290.559222248;290.245042908;291.15;289.955101612;290.225771401;290.274517536;290.170996316;289.864771773
2014-01-06 09:15:00;;;;;;;;;;;289.845310357;289.826629609;290.539278404;290.224378289;291.15;289.936204377;290.20641883;290.253977645;290.151319829;289.844953739
2014-01-06 09:30:00;;;;;;;;;;;289.825604889;289.806408009;290.51894352;290.20339225;291.15;289.916949082;290.186694017;290.233110501;290.131290967;289.824823809
2014-01-06 09:45:00;;;;;;;;;;;289.805238771;289.785544064;290.497887456;290.181751784;291.15;289.897004251;290.166266401;290.211583352;290.110578224;289.804048107
2014-01-06 10:00:00;;;;;;;;;;;289.783987462;289.763812375;290.47588919;290.159232442;291.15;289.876146926;290.144913948;290.189171993;290.088958581;289.782401367
2014-01-06 10:15:00;;;;;;;;;;;289.761364722;289.740725895;290.452466072;290.135348065;291.15;289.853892376;290.122152824;290.165390493;290.065947238;289.759396667
2014-01-06 10:30:00;;;;;;;;;;;289.737624224;289.71653753;290.427875258;290.110352393;290.665188021;289.830495701;290.098238977;290.140492811;290.041799219;289.735287035
2014-01-06 10:45:00;;;;;;;;;;;289.713464822;289.691945411;290.402818915;290.084944339;290.596304604;289.806657098;290.07387341;290.115178068;290.017214648;289.710770715
2014-01-06 11:00:00;;;;;;;;;;;289.689614034;289.667676375;290.378027692;290.059851473;290.569189612;289.783105356;290.049785661;290.090174027;289.992922238;289.686574652
2014-01-06 11:15:00;;;;;;;;;;;289.666234564;289.643892773;290.353667237;290.035236536;290.546829519;289.760004369;290.026140334;290.065643617;289.969085811;289.662861008
2014-01-06 11:30:00;;;;;;;;;;;289.643349618;289.620619704;290.329763521;290.011122769;290.525308845;289.737378467;290.002962421;290.041610255;289.945729626;289.639652476
2014-01-06 11:45:00;;;;;;;;;;;289.623839933;289.600743206;290.30919988;289.990390934;290.507074943;289.718109445;289.983134339;290.020954868;289.925735407;289.619830152
2014-01-06 12:00:00;;;;;;;;;;;289.610899292;289.587462212;290.295172534;289.976234832;290.495271822;289.705392081;289.969851448;290.006871417;289.912297862;289.606592735
2014-01-06 12:15:00;;;;;;;;;;;289.606211247;289.582464879;290.289367323;289.970338026;290.491580517;289.700910864;289.964798785;290.001043617;289.907101414;289.601629073
2014-01-06 12:30:00;;;;;;;;;;;289.607331177;289.583310179;290.289341584;289.970255711;290.493561304;289.702221864;289.965532931;290.001026805;289.907702068;289.602498868
2014-01-06 12:45:00;;;;;;;;;;;289.608894335;289.584634379;290.289730979;289.970621536;290.495854539;289.703959561;289.966688846;290.001454766;289.908734238;289.603839078
2014-01-06 13:00:00;;;;;;;;;;;289.607395461;289.58292988;290.287028551;289.967926823;290.494958344;289.702615889;289.964758913;289.998818776;289.906689793;289.602142748
2014-01-06 13:15:00;;;;;;;;;;;289.60211863;289.577478244;290.280517528;289.961454268;290.490160988;289.697473039;289.959025744;289.992400403;289.900850864;289.596692041
2014-01-06 13:30:00;;;;;;;;;;;289.595344281;289.570557542;290.272478079;289.953484395;290.483747484;289.690810209;289.951768932;289.984478256;289.893496587;289.589765582
2014-01-06 13:45:00;;;;;;;;;;;289.587225359;289.562318512;290.263062936;289.944170367;290.475875172;289.682779223;289.943140671;289.975203597;289.884778726;289.581514627
2014-01-06 14:00:00;;;;;;;;;;;289.57771205;289.552709288;290.252221883;289.93346259;290.466498188;289.673329016;289.933090242;289.964524909;289.874646158;289.571887793
2014-01-06 14:15:00;;;;;;;;;;;289.56626647;289.541190084;290.239416512;289.920823386;290.455082236;289.661920388;289.921078768;289.951903322;289.862559625;289.560345739
2014-01-06 14:30:00;;;;;;;;;;;289.552175442;289.527045953;290.223933038;289.905539769;290.440917403;289.647838808;289.906392023;289.936626503;289.84780454;289.546173935
2014-01-06 14:45:00;;;;;;;;;;;289.533866817;289.508703103;290.20419862;289.886039769;290.422434499;289.629510743;289.887456756;289.917123273;289.828807314;289.527798974
2014-01-06 15:00:00;;;;;;;;;;;289.511180977;289.48600039;290.180052815;289.862163933;290.399476528;289.606775103;289.864112143;289.893234933;289.805406804;289.505060073
2014-01-06 15:15:00;;;;;;;;;;;289.483505211;289.458323689;290.150881869;289.833299705;290.371432976;289.579018108;289.835744073;289.864349632;289.77698898;289.477343439
2014-01-06 15:30:00;;;;;;;;;;;289.452596461;289.427428624;290.118441296;289.801204171;290.340062419;289.54799853;289.804107725;289.832225109;289.745311504;289.446405007
2014-01-06 15:45:00;;;;;;;;;;;289.421701231;289.396560482;290.085975713;289.769123967;290.308612359;289.516965205;289.772447408;289.800108612;289.713622988;289.41549035
2014-01-06 16:00:00;;;;;;;;;;;289.393414074;289.368312681;290.056077281;289.739653771;290.279677677;289.488514917;289.743355071;289.770595383;289.684520096;289.387193155
2014-01-06 16:15:00;;;;;;;;;;;289.367991778;289.342940959;290.02900006;289.713050485;290.253514998;289.46290653;289.71708586;289.743942852;289.658261589;289.361769408
2014-01-06 16:30:00;;;;;;;;;;;289.343439789;289.318449789;290.002746798;289.687319665;290.228129493;289.438147423;289.691648206;289.718157065;289.632854753;289.337223813
2014-01-06 16:45:00;;;;;;;;;;;289.31892989;289.294010049;289.976486945;289.661633191;290.202692894;289.413411167;289.666217128;289.692410356;289.607473072;289.31272746
2014-01-06 17:00:00;;;;;;;;;;;289.293735154;289.268893974;289.949492172;289.635264229;294.15;289.387972498;289.640068755;289.665976315;289.581391204;289.287552784
2014-01-06 17:15:00;;;;;;;;;;;289.267636698;289.242881905;289.921545285;289.607993983;294.15;289.361614075;289.612987049;294.15;289.554391736;289.261480311
2014-01-06 17:30:00;;;;;;;;;;;289.24114948;289.216488079;289.893165247;289.580337489;294.15;289.334852286;289.585489606;294.15;289.52699099;289.235024449
2014-01-06 17:45:00;;;;;;;;;;;289.214705394;289.190143725;289.864787931;289.552726717;294.15;289.308120351;289.558010772;294.15;289.499622127;289.208616584
2014-01-06 18:00:00;;;;;;;;;;;289.188738915;289.1642827;294.15;294.15;294.15;289.281853974;289.530987298;294.15;289.472720795;289.18269072
2014-01-06 18:15:00;;;;;;;;;;;289.163628781;289.15;294.15;294.15;294.15;289.256433034;294.15;294.15;294.15;289.157625161
2014-01-06 18:30:00;;;;;;;;;;;294.15;289.15;294.15;294.15;294.15;289.23164002;294.15;294.15;294.15;294.15
2014-01-06 18:45:00;;;;;;;;;;;294.15;289.15;294.15;294.15;294.15;289.206956512;294.15;294.15;294.15;294.15
2014-01-06 19:00:00;;;;;;;;;;;294.15;294.15;294.15;294.15;294.15;294.15;294.15;294.15;294.15;294.15
2014-01-06 19:15:00;;;;;;;;;;;294.15;294.15;294.15;294.15;294.15;294.15;294.15;294.15;294.15;294.15
2014-01-06 19:30:00;;;;;;;;;;;294.15;294.15;294.15;294.15;294.15;294.15;294.15;294.15;294.15;294.15
2014-01-06 19:45:00;;;;;;;;;;;294.15;294.15;294.15;294.15;294.15;294.15;294.15;294.15;294.15;294.15
2014-01-06 20:00:00;;;;;;;;;;;294.15;294.15;294.15;294.15;294.15;294.15;294.15;294.15;294.15;294.15
2014-01-06 20:15:00;;;;;;;;;;;294.15;294.15;294.15;294.15;294.15;294.15;294.15;294.15;294.15;294.15
2014-01-06 20:30:00;;;;;;;;;;;294.15;294.15;294.15;294.15;294.15;294.15;294.15;294.15;294.15;294.15
2014-01-06 20:45:00;;;;;;;;;;;294.15;294.15;294.15;294.15;294.15;294.15;294.15;294.15;294.15;294.15
2014-01-06 21:00:00;;;;;;;;;;;294.15;294.15;294.15;294.15;294.15;294.15;294.15;294.15;294.15;294.15
2014-01-06 21:15:00;;;;;;;;;;;294.15;294.15;294.15;294.15;294.15;294.15;294.15;294.15;294.15;294.15
2014-01-06 21:30:00;;;;;;;;;;;294.15;294.15;294.15;294.15;294.15;294.15;294.15;294.15;294.15;294.15
2014-01-06 21:45:00;;;;;;;;;;;294.15;294.15;294.15;294.15;294.15;294.15;294.15;294.15;294.15;294.15
2014-01-06 22:00:00;;;;;;;;;;;291.15;294.15;294.15;294.15;294.15;294.15;294.15;294.15;294.15;294.15
2014-01-06 22:15:00;;;;;;;;;;;291.15;294.15;294.15;294.15;294.15;291.15;294.15;294.15;294.15;294.15
2014-01-06 22:30:00;;;;;;;;;;;291.15;294.15;294.15;294.15;294.15;291.15;294.15;294.15;294.15;291.15
2014-01-06 22:45:00;;;;;;;;;;;291.15;294.15;294.15;294.15;294.15;291.15;294.15;294.15;294.15;291.15
2014-01-06 23:00:00;;;;;;;;;;;291.15;291.15;294.15;294.15;294.15;291.15;294.15;294.15;294.15;291.15
2014-01-06 23:15:00;;;;;;;;;;;291.15;291.15;294.15;294.15;294.15;291.15;291.15;294.15;291.15;291.15
2014-01-06 23:30:00;;;;;;;;;;;291.15;291.15;294.15;294.15;294.15;291.15;291.15;291.316341378;291.15;291.15
2014-01-06 23:45:00;;;;;;;;;;;291.15;291.15;294.15;294.15;294.15;291.15;291.15;291.15;291.15;291.15
2014-01-07 00:00:00;;;;;;;;;;;291.15;291.15;294.15;291.232452976;291.659646325;291.15;291.15;291.15;291.15;291.15
2014-01-07 00:15:00;;;;;;;;;;;291.15;291.15;294.15;291.15;291.360920296;291.15;291.15;291.15;291.15;291.15
2014-01-07 00:30:00;;;;;;;;;;;291.15;291.15;294.15;291.15;291.296249286;291.15;291.15;291.15;291.15;291.15
2014-01-07 00:45:00;;;;;;;;;;;291.15;291.15;294.15;291.15;291.256856606;291.15;291.15;291.15;291.15;291.15
2014-01-07 01:00:00;;;;;;;;;;;291.15;291.15;291.501631979;291.15;291.221669825;291.15;291.15;291.15;291.15;291.15
2014-01-07 01:15:00;;;;;;;;;;;291.15;291.15;291.187911069;291.15;291.188249395;291.15;291.15;291.15;291.15;291.15
2014-01-07 01:30:00;;;;;;;;;;;291.15;291.15;291.15;291.15;291.155635937;291.15;291.15;291.15;291.15;291.15
2014-01-07 01:45:00;;;;;;;;;;;291.15;291.15;291.15;291.15;291.15;291.15;291.15;291.15;291.15;291.15
2014-01-07 02:00:00;;;;;;;;;;;291.15;291.15;291.15;291.15;291.15;291.15;291.15;291.15;291.15;291.15
2014-01-07 02:15:00;;;;;;;;;;;291.15;291.15;291.15;291.15;291.15;291.15;291.15;291.15;291.15;291.15
2014-01-07 02:30:00;;;;;;;;;;;291.15;291.15;291.15;291.15;291.15;291.15;291.15;291.15;291.15;291.15
2014-01-07 02:45:00;;;;;;;;;;;291.15;291.15;291.15;291.15;291.15;291.15;291.15;291.15;291.15;291.15
2014-01-07 03:00:00;;;;;;;;;;;291.15;291.15;291.15;291.15;291.15;291.15;291.15;291.15;291.15;291.15
2014-01-07 03:15:00;;;;;;;;;;;291.15;291.15;291.15;291.15;291.15;291.15;291.15;291.15;291.15;291.15
2014-01-07 03:30:00;;;;;;;;;;;291.15;291.15;291.15;291.15;291.15;291.15;291.15;291.15;291.15;291.15
2014-01-07 03:45:00;;;;;;;;;;;291.15;291.15;291.15;291.15;291.15;291.15;291.15;291.15;291.15;291.15
2014-01-07 04:00:00;;;;;;;;;;;291.15;291.15;291.15;291.15;291.15;291.15;291.15;291.15;291.15;291.15
2014-01-07 04:15:00;;;;;;;;;;;291.15;291.15;291.15;291.15;291.15;291.15;291.15;291.15;291.15;291.15
2014-01-07 04:30:00;;;;;;;;;;;291.15;291.15;291.15;291.15;291.15;291.15;291.15;291.15;291.15;291.15
2014-01-07 04:45:00;;;;;;;;;;;291.15;291.15;291.15;291.15;291.15;291.15;291.15;291.15;291.15;291.15
2014-01-07 05:00:00;;;;;;;;;;;291.15;291.15;291.15;291.15;291.15;291.15;291.15;291.15;291.15;291.15
2014-01-07 05:15:00;;;;;;;;;;;291.15;290.212909432;291.15;291.15;291.15;291.15;291.15;291.15;291.15;290.230898811
2014-01-07 05:30:00;;;;;;;;;;;291.15;290.095623987;291.15;291.15;291.15;291.15;291.15;291.15;291.15;290.11564763
2014-01-07 05:45:00;;;;;;;;;;;290.184043127;290.061883046;291.15;290.542452775;291.15;291.15;291.15;290.571632191;291.15;290.082264512
2014-01-07 06:00:00;;;;;;;;;;;290.064271335;290.036862238;291.15;290.458755556;291.15;291.15;291.15;290.491188904;291.15;290.057416792
2014-01-07 06:15:00;;;;;;;;;;;290.030755436;290.012684115;291.15;290.427788524;291.15;291.15;291.15;290.460756412;291.15;290.03338495
2014-01-07 06:30:00;;;;;;;;;;;290.006222213;289.988497243;291.15;290.402319821;291.15;291.15;291.15;290.435524653;290.401412752;290.009335253
2014-01-07 06:45:00;;;;;;;;;;;289.982545018;289.96420571;291.15;290.377347684;291.15;290.176545037;291.15;290.410747235;290.303846449;289.985174293
2014-01-07 07:00:00;;;;;;;;;;;289.958848943;289.939801795;291.15;290.352322435;291.15;290.056155489;290.406860169;290.385902701;290.272213363;289.960895019
2014-01-07 07:15:00;;;;;;;;;;;289.935036833;289.915290499;291.15;290.327180995;291.15;290.022726086;290.31000075;290.360931826;290.247435196;289.936502803
2014-01-07 07:30:00;;;;;;;;;;;289.91110152;289.89067928;290.663734503;290.301919997;291.15;289.998346739;290.278569495;290.335832249;290.223281529;289.91200539
2014-01-07 07:45:00;;;;;;;;;;;289.887212652;289.866140157;290.593052397;290.276709733;291.15;289.974990933;290.254097778;290.310774831;290.19924065;289.887575052
2014-01-07 08:00:00;;;;;;;;;;;289.863581208;289.841883979;290.564143316;290.251761479;291.15;289.951981131;290.230606708;290.28597131;290.175440297;289.863422866
2014-01-07 08:15:00;;;;;;;;;;;289.842288236;289.819990949;290.541965385;290.229156528;291.15;289.931292758;290.209499192;290.263503381;290.153949124;289.841629252
2014-01-07 08:30:00;;;;;;;;;;;289.825052249;289.802178521;290.524286767;290.21061361;291.15;289.91462923;290.192411365;290.245090153;290.13648402;289.823911864
2014-01-07 08:45:00;;;;;;;;;;;289.81136528;289.787937626;290.510155721;290.19562496;291.15;289.901480481;290.178823761;290.230224208;290.122537811;289.809761823
2014-01-07 09:00:00;;;;;;;;;;;289.799355173;289.775395021;290.497643412;290.182318601;291.15;289.889974983;290.166863572;290.217033901;290.110239836;289.797306068
2014-01-07 09:15:00;;;;;;;;;;;289.78768651;289.763214255;290.485406838;290.169359278;291.15;289.878778724;290.155197153;290.204184288;290.09825637;289.785208317
2014-01-07 09:30:00;;;;;;;;;;;289.776530799;289.751565846;290.473618425;290.156918646;291.15;289.86806483;290.143998456;290.191847317;290.086760619;289.773639251
2014-01-07 09:45:00;;;;;;;;;;;289.765527327;289.74008815;290.461920483;290.144636123;291.15;289.857474236;290.132909364;290.179662684;290.075393513;289.762237379
2014-01-07 10:00:00;;;;;;;;;;;289.754929752;289.729033941;290.450570264;290.132765482;291.15;289.847262191;290.122186086;290.167884426;290.064410266;289.751255621
2014-01-07 10:15:00;;;;;;;;;;;289.745144236;289.718808551;290.4399776;290.121712991;291.15;289.837836378;290.112237236;290.156919058;290.054218511;289.741099444
2014-01-07 10:30:00;;;;;;;;;;;289.736035311;289.709275723;290.430010581;290.111343272;290.680355151;289.829062765;290.102929661;290.146631439;290.044684163;289.731632725
2014-01-07 10:45:00;;;;;;;;;;;289.726710398;289.699542137;290.419780017;290.100763826;290.626321241;289.820050129;290.093372969;290.13612929;290.034915942;289.721962267
2014-01-07 11:00:00;;;;;;;;;;;289.716196989;289.688634583;290.408316598;290.089002214;290.612502691;289.809827236;290.082596708;290.124440386;290.023942559;289.711114977
2014-01-07 11:15:00;;;;;;;;;;;289.703819228;289.675876541;290.394947476;290.075382637;290.601096931;289.797719433;290.069926957;290.110889127;290.011089303;289.698414448
2014-01-07 11:30:00;;;;;;;;;;;289.689959579;289.661649849;290.380057944;290.060287611;290.588553367;289.784110314;290.055747998;290.095858217;289.996739714;289.684242624
2014-01-07 11:45:00;;;;;;;;;;;289.675413287;289.646749678;290.364445901;290.044512423;290.575234642;289.769796189;290.040856784;290.080143124;289.981690045;289.669394259
2014-01-07 12:00:00;;;;;;;;;;;289.661040743;289.632039204;290.348974229;290.028917495;290.561951529;289.75563845;290.026115311;290.064604439;289.966801633;289.654729282
2014-01-07 12:15:00;;;;;;;;;;;289.647066577;289.617746368;290.333869898;290.013727485;290.548926193;289.741862671;290.011749721;290.049466983;289.952299998;289.64047235
2014-01-07 12:30:00;;;;;;;;;;;289.633144225;289.603527752;290.318788537;289.998595847;290.535817173;289.728123175;289.997414865;290.034384362;289.937839409;289.626279574
2014-01-07 12:45:00;;;;;;;;;;;289.619278961;289.589391489;290.303737481;289.983527869;290.522636458;289.714426072;289.983117352;290.01936201;289.923425923;289.612159716
2014-01-07 13:00:00;;;;;;;;;;;289.605470621;289.575339944;290.288718495;289.968523392;290.509390859;289.700771986;289.968858268;290.004399906;289.909060108;289.598115842
2014-01-07 13:15:00;;;;;;;;;;;289.590642778;289.560298931;290.272656969;289.952505995;290.495010765;289.686085231;289.953562367;289.988421758;289.893666229;289.583074427
2014-01-07 13:30:00;;;;;;;;;;;289.573942133;289.54341666;290.254700846;289.934621916;290.47864893;289.66951275;289.936376997;289.970573931;289.876391176;289.566184298
2014-01-07 13:45:00;;;;;;;;;;;289.555654282;289.524977442;290.235134297;289.915153722;290.460594097;289.651337775;289.917585774;289.951139109;289.857518129;289.54773034
2014-01-07 14:00:00;;;;;;;;;;;289.536339011;289.505538843;290.214514764;289.894657876;290.441408032;289.632116871;289.897745622;289.930673341;289.837603603;289.528270653
2014-01-07 14:15:00;;;;;;;;;;;289.516121181;289.485223559;290.192964728;289.873258852;290.421217293;289.611971697;289.876978534;289.90929779;289.816769208;289.507928426
2014-01-07 14:30:00;;;;;;;;;;;289.494675742;289.463704514;290.170156794;289.850631824;290.399698332;289.590574092;289.854956662;289.886684136;289.794686732;289.486377048
2014-01-07 14:45:00;;;;;;;;;;;289.471814865;289.440791999;290.145900859;289.826589233;290.376664672;289.567733234;289.83148948;289.862643399;289.771165305;289.463427235
2014-01-07 15:00:00;;;;;;;;;;;289.447306734;289.416252447;290.119962906;289.800899521;290.351885714;289.543214438;289.806342575;289.836944657;289.745970194;289.438845821
2014-01-07 15:15:00;;;;;;;;;;;289.420419707;289.389352595;290.091609141;289.772831286;290.324630886;289.516283752;289.778781785;289.808857306;289.718367199;289.41189991
2014-01-07 15:30:00;;;;;;;;;;;289.391524795;289.360461945;290.061208434;289.742755762;290.295272094;289.487312755;289.749175634;289.778753343;289.688726759;289.382959351
2014-01-07 15:45:00;;;;;;;;;;;289.362324194;289.331281294;290.030460809;289.712375355;290.265512228;289.458006034;289.719223824;289.748335885;289.658753239;289.353725259
2014-01-07 16:00:00;;;;;;;;;;;289.334632046;289.303623485;290.001178133;289.683504399;290.237165857;289.430180139;289.69073795;289.719419927;289.630263076;289.326010772
2014-01-07 16:15:00;;;;;;;;;;;289.308813414;289.277852374;289.973723124;289.656508138;290.210598244;289.404202398;289.664081483;289.69237133;289.603623496;289.300180026
2014-01-07 16:30:00;;;;;;;;;;;289.283720137;289.252818683;289.946945356;289.630238577;290.18466137;289.378926747;289.638109402;289.666042671;289.577688348;289.275083994
2014-01-07 16:45:00;;;;;;;;;;;289.258649383;289.227818541;289.920140017;289.603993043;290.158652691;289.353652306;289.612122272;289.639731808;289.551756671;289.250019047
2014-01-07 17:00:00;;;;;;;;;;;289.232932096;289.202181928;289.892636749;289.577102623;294.15;289.327711829;289.585454241;289.612770324;289.525161143;289.224315384
2014-01-07 17:15:00;;;;;;;;;;;289.206478904;289.175818581;289.864347359;289.54947808;294.15;289.301017622;289.558018919;294.15;289.497814003;289.197882945
2014-01-07 17:30:00;;;;;;;;;;;289.179685631;289.15;289.835671742;289.521515362;294.15;289.273967069;289.530214899;294.15;289.470112571;289.171116917
2014-01-07 17:45:00;;;;;;;;;;;289.152633126;289.15;289.806694842;289.493295438;294.15;289.246642465;289.502125604;294.15;289.442139086;289.15
2014-01-07 18:00:00;;;;;;;;;;;289.15;289.15;294.15;294.15;294.15;289.219094128;289.473802396;294.15;289.413943815;289.15
2014-01-07 18:15:00;;;;;;;;;;;289.15;289.15;294.15;294.15;294.15;289.190585705;294.15;294.15;294.15;289.15
2014-01-07 18:30:00;;;;;;;;;;;294.15;289.15;294.15;294.15;294.15;289.161024196;294.15;294.15;294.15;294.15
2014-01-07 18:45:00;;;;;;;;;;;294.15;289.15;294.15;294.15;294.15;289.15;294.15;294.15;294.15;294.15
2014-01-07 19:00:00;;;;;;;;;;;294.15;294.15;294.15;294.15;294.15;294.15;294.15;294.15;294.15;294.15
2014-01-07 19:15:00;;;;;;;;;;;294.15;294.15;294.15;294.15;294.15;294.15;294.15;294.15;294.15;294.15
2014-01-07 19:30:00;;;;;;;;;;;294.15;294.15;294.15;294.15;294.15;294.15;294.15;294.15;294.15;294.15
2014-01-07 19:45:00;;;;;;;;;;;294.15;294.15;294.15;294.15;294.15;294.15;294.15;294.15;294.15;294.15
2014-01-07 20:00:00;;;;;;;;;;;294.15;294.15;294.15;294.15;294.15;294.15;294.15;294.15;294.15;294.15
2014-01-07 20:15:00;;;;;;;;;;;294.15;294.15;294.15;294.15;294.15;294.15;294.15;294.15;294.15;294.15
2014-01-07 20:30:00;;;;;;;;;;;294.15;294.15;294.15;294.15;294.15;294.15;294.15;294.15;294.15;294.15
2014-01-07 20:45:00;;;;;;;;;;;294.15;294.15;294.15;294.15;294.15;294.15;294.15;294.15;294.15;294.15
2014-01-07 21:00:00;;;;;;;;;;;294.15;294.15;294.15;294.15;294.15;294.15;294.15;294.15;294.15;294.15
2014-01-07 21:15:00;;;;;;;;;;;294.15;294.15;294.15;294.15;294.15;294.15;294.15;294.15;294.15;294.15
2014-01-07 21:30:00;;;;;;;;;;;294.15;294.15;294.15;294.15;294.15;294.15;294.15;294.15;294.15;294.15
2014-01-07 21:45:00;;;;;;;;;;;294.15;294.15;294.15;294.15;294.15;294.15;294.15;294.15;294.15;294.15
2014-01-07 22:00:00;;;;;;;;;;;291.15;294.15;294.15;294.15;294.15;294.15;294.15;294.15;294.15;294.15
2014-01-07 22:15:00;;;;;;;;;;;291.15;294.15;294.15;294.15;294.15;291.15;294.15;294.15;294.15;294.15
2014-01-07 22:30:00;;;;;;;;;;;291.15;294.15;294.15;294.15;294.15;291.15;294.15;294.15;294.15;291.15
2014-01-07 22:45:00;;;;;;;;;;;291.15;294.15;294.15;294.15;294.15;291.15;294.15;294.15;294.15;291.15
2014-01-07 23:00:00;;;;;;;;;;;291.15;291.15;294.15;294.15;294.15;291.15;294.15;294.15;294.15;291.15
2014-01-07 23:15:00;;;;;;;;;;;291.15;291.15;294.15;294.15;294.15;291.15;291.15;294.15;291.15;291.15
2014-01-07 23:30:00;;;;;;;;;;;291.15;291.15;294.15;294.15;294.15;291.15;291.15;291.268792702;291.15;291.15
2014-01-07 23:45:00;;;;;;;;;;;291.15;291.15;294.15;294.15;294.15;291.15;291.15;291.15;291.15;291.15
2014-01-08 00:00:00;;;;;;;;;;;291.15;291.15;294.15;291.173615335;291.609203518;291.15;291.15;291.15;291.15;291.15
2014-01-08 00:15:00;;;;;;;;;;;291.15;291.15;294.15;291.15;291.30137269;291.15;291.15;291.15;291.15;291.15
