;0;1;2;3;4;5;6;7;8;9
2014-01-01 00:00:00;293.15;293.15;291.15;293.15;293.15;293.15;293.15;293.15;291.15;293.15
2014-01-01 00:15:00;293.15;293.15;291.15;293.15;293.15;293.15;293.15;293.15;291.15;293.15
2014-01-01 00:30:00;293.15;293.15;291.15;293.15;293.15;293.15;293.15;293.15;291.15;293.15
2014-01-01 00:45:00;293.15;293.15;291.15;293.15;293.15;293.15;293.15;293.15;291.15;293.15
2014-01-01 01:00:00;293.15;293.15;293.15;293.15;293.15;293.15;293.15;293.15;293.15;293.15
2014-01-01 01:15:00;293.15;293.15;293.15;293.15;293.15;293.15;293.15;293.15;293.15;293.15
2014-01-01 01:30:00;293.15;293.15;293.15;293.15;293.15;293.15;293.15;293.15;293.15;293.15
2014-01-01 01:45:00;293.15;293.15;293.15;293.15;293.15;293.15;293.15;293.15;293.15;293.15
2014-01-01 02:00:00;293.15;293.15;293.15;293.15;293.15;293.15;293.15;293.15;293.15;293.15
2014-01-01 02:15:00;293.15;293.15;293.15;293.15;293.15;293.15;293.15;293.15;293.15;293.15
2014-01-01 02:30:00;293.15;293.15;293.15;293.15;293.15;293.15;293.15;293.15;293.15;293.15
2014-01-01 02:45:00;293.15;293.15;293.15;293.15;293.15;293.15;293.15;293.15;293.15;293.15
2014-01-01 03:00:00;293.15;293.15;293.15;293.15;293.15;293.15;293.15;293.15;293.15;293.15
2014-01-01 03:15:00;293.15;293.15;293.15;293.15;293.15;293.15;293.15;293.15;293.15;293.15
2014-01-01 03:30:00;293.15;293.15;293.15;293.15;293.15;293.15;293.15;293.15;293.15;293.15
2014-01-01 03:45:00;293.15;293.15;293.15;293.15;293.15;293.15;293.15;293.15;293.15;293.15
2014-01-01 04:00:00;293.15;293.15;293.15;293.15;293.15;293.15;293.15;293.15;293.15;293.15
2014-01-01 04:15:00;293.15;293.15;293.15;293.15;293.15;293.15;293.15;293.15;293.15;293.15
2014-01-01 04:30:00;293.15;293.15;293.15;293.15;293.15;293.15;293.15;293.15;293.15;293.15
2014-01-01 04:45:00;293.15;293.15;293.15;293.15;293.15;293.15;293.15;293.15;293.15;293.15
2014-01-01 05:00:00;293.15;293.15;293.15;293.15;293.15;293.15;293.15;293.15;293.15;293.15
2014-01-01 05:15:00;293.15;293.15;293.15;293.15;293.15;293.15;293.15;293.15;293.15;293.15
2014-01-01 05:30:00;293.15;293.15;293.15;293.15;293.15;293.15;293.15;293.15;293.15;293.15
2014-01-01 05:45:00;293.15;293.15;293.15;293.15;293.15;293.15;293.15;293.15;293.15;293.15
2014-01-01 06:00:00;293.15;293.15;293.15;293.15;293.15;293.15;293.15;293.15;293.15;293.15
2014-01-01 06:15:00;293.15;293.15;293.15;293.15;293.15;293.15;293.15;293.15;293.15;291.956191012
2014-01-01 06:30:00;293.15;291.973222026;293.15;293.15;293.15;293.15;293.15;293.15;293.15;291.631028504
2014-01-01 06:45:00;293.15;291.652549395;293.15;293.15;293.15;293.15;293.15;293.15;293.15;291.531570243
2014-01-01 07:00:00;293.15;291.554129058;293.15;293.15;293.15;293.15;293.15;293.15;293.15;291.490431692
2014-01-01 07:15:00;293.15;291.513099244;293.15;293.15;293.15;293.15;293.15;293.15;293.15;291.464437967
2014-01-01 07:30:00;292.036475245;291.487083884;293.15;293.15;293.15;293.15;293.15;293.15;293.15;291.442559854
2014-01-01 07:45:00;291.731858742;291.465238288;292.006710801;293.15;293.15;293.15;293.15;293.15;293.15;291.42203168
2014-01-01 08:00:00;291.637617334;291.444888864;291.694880574;293.15;293.15;293.15;293.15;293.15;293.15;291.402262306
2014-01-01 08:15:00;291.599522365;291.426824883;291.600711739;293.15;293.15;293.15;293.15;293.15;293.15;291.384578325
2014-01-01 08:30:00;291.57884424;291.412255484;291.565585444;293.15;293.15;293.15;293.15;293.15;293.15;291.370327995
2014-01-01 08:45:00;291.565026467;291.400919036;291.548059367;293.15;293.15;293.15;292.118933609;293.15;293.15;291.359286148
2014-01-01 09:00:00;291.554210025;291.391611833;291.536314128;293.15;293.15;293.15;291.843298662;293.15;293.15;291.350259048
2014-01-01 09:15:00;291.544486362;291.383112007;291.526389005;293.15;293.15;293.15;291.764157521;293.15;293.15;291.342027926
2014-01-01 09:30:00;291.535640125;291.375383432;291.517538878;293.15;293.15;293.15;291.736288445;293.15;292.14296685;291.334557948
2014-01-01 09:45:00;291.527415878;291.368218981;291.509370912;293.15;293.15;292.197416885;291.722076014;293.15;291.874373483;291.327642777
2014-01-01 10:00:00;291.519807101;291.361626548;291.501842354;293.15;293.15;291.94302589;291.711883012;293.15;291.798044556;291.321290937
2014-01-01 10:15:00;291.512868657;291.355666542;291.494997977;293.15;293.15;291.870591127;291.703279781;293.15;291.771845965;291.315563391
2014-01-01 10:30:00;291.506623345;291.350364887;291.488857275;293.15;293.15;291.845636337;291.695646132;293.15;291.759162322;291.310486574
2014-01-01 10:45:00;291.501054871;291.34570767;291.483402461;293.15;292.272218419;291.833489771;291.688797508;292.272218419;291.750530748;291.306047046
2014-01-01 11:00:00;291.496110741;291.341644475;291.478580061;292.290483006;292.038496575;291.825163523;291.682635664;292.038496575;291.74345975;291.302194826
2014-01-01 11:15:00;291.49172674;291.338112981;291.47432506;292.061740861;291.972680544;291.81828642;291.677082373;291.972680544;291.737252093;291.298868003
2014-01-01 11:30:00;291.487829648;291.335041721;291.470563526;291.997426156;291.950567105;291.812186534;291.67205874;291.950567105;291.731667232;291.295995484
2014-01-01 11:45:00;291.484312392;291.332325244;291.467187739;291.975833754;291.940063263;291.806598574;291.667454316;291.940063263;291.726551073;291.293472174
2014-01-01 12:00:00;291.48105121;291.329841302;291.464073344;291.965505874;291.932796651;291.801354347;291.663142691;291.932796651;291.72176412;291.291176149
2014-01-01 12:15:00;291.477189637;291.326734833;291.460363329;291.957505222;291.925779728;291.795582538;291.658265065;291.925779728;291.716442496;291.288252653
2014-01-01 12:30:00;291.471878914;291.322158381;291.455208429;291.948894984;291.917609346;291.7884274;291.651970542;291.917609346;291.709732417;291.283854513
2014-01-01 12:45:00;291.465133881;291.316128005;291.448623025;291.939146503;291.908152616;291.779899043;291.644271988;291.908152616;291.701644543;291.277998052
2014-01-01 13:00:00;291.457218915;291.308909211;291.440871066;291.928379052;291.897631316;291.7702579;291.635431943;291.897631316;291.692439495;291.27094902
2014-01-01 13:15:00;291.448341011;291.300710045;291.432159154;291.916757534;291.886237255;291.759707415;291.625655696;291.886237255;291.682320811;291.262915694
2014-01-01 13:30:00;291.438546382;291.291577702;291.422533144;291.904312953;291.874008828;291.748290536;291.614987877;291.874008828;291.671331509;291.253945482
2014-01-01 13:45:00;291.427894429;291.281572496;291.412052106;291.891096737;291.860999789;291.736063634;291.603486411;291.860999789;291.659528023;291.244098896
2014-01-01 14:00:00;291.416455933;291.270766058;291.400786515;291.877173844;291.847276088;291.723094675;291.591220706;291.847276088;291.646978382;291.233447754
2014-01-01 14:15:00;291.404582695;291.259510983;291.389087894;291.862891075;291.833185147;291.709732842;291.578541285;291.833185147;291.634031829;291.222344822
2014-01-01 14:30:00;291.392212138;291.247745433;291.376893409;291.848181309;291.818660341;291.695913122;291.565384383;291.818660341;291.620623412;291.210728426
2014-01-01 14:45:00;291.378567506;291.234693343;291.363426068;291.832263592;291.80292116;291.680856493;291.550972134;291.80292116;291.60597417;291.19782265
2014-01-01 15:00:00;291.362701367;291.219407925;291.347738224;291.814186597;291.785016681;291.663613412;291.534356077;291.785016681;291.58913462;291.182680849
2014-01-01 15:15:00;291.344908302;291.202184362;291.330124259;291.794241279;291.765238236;291.644476495;291.515829829;291.765238236;291.570397436;291.165598337
2014-01-01 15:30:00;291.326380396;291.184215301;291.311776078;291.773616352;291.744774887;291.624635997;291.496584577;291.744774887;291.550952932;291.147767884
2014-01-01 15:45:00;291.307602168;291.165985786;291.293178032;291.752793196;291.724108336;291.604574729;291.477104005;291.724108336;291.531283978;291.129674649
2014-01-01 16:00:00;291.288717928;291.147640618;291.27447428;291.731913197;291.703380271;291.584435412;291.457531641;291.703380271;291.51153335;291.111463543
2014-01-01 16:15:00;291.269751075;291.129203655;291.25568808;291.710997031;291.682611648;291.564239958;291.437890154;291.682611648;291.49172302;291.15
2014-01-01 16:30:00;291.250707047;291.15;291.236824745;291.690047599;291.661805626;291.543992424;291.418900215;291.661805626;291.472573008;291.15
2014-01-01 16:45:00;291.231586723;291.15;291.217885035;291.669063412;291.64096096;291.523692394;291.399387142;291.64096096;291.452906484;291.15
2014-01-01 17:00:00;291.213105757;291.15;291.198868589;291.648757919;291.62007541;291.503338404;291.380265408;291.62007541;291.433621567;291.15
2014-01-01 17:15:00;291.194090452;291.15;291.179774795;291.627952275;291.599862527;291.482928814;291.36171941;291.599146615;291.414899678;291.15
2014-01-01 17:30:00;291.175473306;291.15;291.160603022;291.607545582;291.579144178;291.463177938;291.343749708;291.578172304;291.396741745;291.15
2014-01-01 17:45:00;291.157442136;291.15;291.141352671;291.587718784;291.558823983;291.442909423;291.326313433;291.557150345;291.379106021;291.15
2014-01-01 18:00:00;291.15;291.15;291.15;291.568472006;291.539083906;291.423037953;291.309360133;291.536078749;291.361943286;291.15
2014-01-01 18:15:00;291.15;291.15;291.15;291.549762672;291.519924208;291.403747864;291.292840719;291.514955662;291.345205626;291.15
2014-01-01 18:30:00;291.15;291.15;291.15;291.531540767;291.501302228;291.385039596;291.276709496;291.493779356;291.328848429;291.15
2014-01-01 18:45:00;291.15;291.15;291.15;291.513757634;291.483167827;291.366870144;291.260924434;291.472548223;291.312830655;291.15
2014-01-01 19:00:00;291.15;291.15;291.15;291.496367971;291.465472221;291.349188925;291.245447008;291.451260764;291.297114683;291.15
2014-01-01 19:15:00;291.15;291.15;291.15;291.479330099;291.448169991;291.331946726;291.230241948;291.430631493;291.281666064;291.15
2014-01-01 19:30:00;291.15;291.15;291.15;291.462605802;291.431219353;291.315097732;291.21527698;291.409485224;291.266453269;291.15
2014-01-01 19:45:00;291.15;291.15;291.15;291.44616008;291.414581997;291.2985998;291.200522577;291.388746648;291.25144745;291.15
2014-01-01 20:00:00;291.15;291.15;291.15;291.429960892;291.39822284;291.282414296;291.185951739;291.368601954;291.236622223;291.15
2014-01-01 20:15:00;291.15;291.15;291.15;291.413978915;291.382109765;291.266505849;291.17153978;291.349051391;291.221953459;291.15
2014-01-01 20:30:00;291.15;291.15;291.15;291.39818732;291.366213383;291.250842085;291.15726414;291.330051294;291.207419104;291.15
2014-01-01 20:45:00;291.15;291.15;291.15;291.382561569;291.350506809;291.235393387;291.15;291.311550348;291.192999002;291.15
2014-01-01 21:00:00;291.15;291.15;291.15;291.367079221;291.334965452;291.220132663;291.15;291.293498632;291.178674741;291.15
2014-01-01 21:15:00;291.15;291.15;291.15;291.351719766;291.319566829;291.205035144;291.15;291.275849677;291.164429509;291.15
2014-01-01 21:30:00;291.15;291.15;291.15;291.336464457;291.30429039;291.190078187;291.15;291.258560736;291.150247959;291.15
2014-01-01 21:45:00;291.15;291.15;291.15;291.321296171;291.289117355;291.175241102;291.15;291.24159262;291.15;291.15
2014-01-01 22:00:00;291.15;291.15;291.15;291.306199273;291.274030573;291.160504988;291.15;291.224909448;291.15;291.15
2014-01-01 22:15:00;291.15;291.15;291.15;291.291159489;291.259014385;291.15;291.15;291.208478378;291.15;291.15
2014-01-01 22:30:00;291.15;291.15;291.15;291.276163799;291.244054498;291.15;291.15;291.192269363;291.15;291.15
2014-01-01 22:45:00;291.15;291.15;291.15;293.15;291.229137875;291.15;291.15;291.176254918;291.15;291.15
2014-01-01 23:00:00;291.15;291.15;291.15;293.15;291.214252629;291.15;291.15;293.15;291.15;291.15
2014-01-01 23:15:00;291.15;291.15;291.15;293.15;291.198975001;293.15;291.15;293.15;291.15;291.15
2014-01-01 23:30:00;291.15;291.15;291.15;293.15;291.182915279;293.15;291.15;293.15;291.15;291.15
2014-01-01 23:45:00;293.15;291.15;291.15;293.15;291.166171771;293.15;291.15;293.15;291.15;293.15
2014-01-02 00:00:00;293.15;293.15;291.15;293.15;293.15;293.15;293.15;293.15;291.15;293.15
2014-01-02 00:15:00;293.15;293.15;291.15;293.15;293.15;293.15;293.15;293.15;291.15;293.15
2014-01-02 00:30:00;293.15;293.15;291.15;293.15;293.15;293.15;293.15;293.15;291.15;293.15
2014-01-02 00:45:00;293.15;293.15;291.15;293.15;293.15;293.15;293.15;293.15;291.15;293.15
2014-01-02 01:00:00;293.15;293.15;293.15;293.15;293.15;293.15;293.15;293.15;293.15;293.15
2014-01-02 01:15:00;293.15;293.15;293.15;293.15;293.15;293.15;293.15;293.15;293.15;293.15
2014-01-02 01:30:00;293.15;293.15;293.15;293.15;293.15;293.15;293.15;293.15;293.15;293.15
2014-01-02 01:45:00;293.15;293.15;293.15;293.15;293.15;293.15;293.15;293.15;293.15;293.15
2014-01-02 02:00:00;293.15;293.15;293.15;293.15;293.15;293.15;293.15;293.15;293.15;293.15
2014-01-02 02:15:00;293.15;293.15;293.15;293.15;293.15;293.15;293.15;293.15;293.15;293.15
2014-01-02 02:30:00;293.15;293.15;293.15;293.15;293.15;293.15;293.15;293.15;293.15;293.15
2014-01-02 02:45:00;293.15;293.15;293.15;293.15;293.15;293.15;293.15;293.15;293.15;293.15
2014-01-02 03:00:00;293.15;293.15;293.15;293.15;293.15;293.15;293.15;293.15;293.15;293.15
2014-01-02 03:15:00;293.15;293.15;293.15;293.15;293.15;293.15;293.15;293.15;293.15;293.15
2014-01-02 03:30:00;293.15;293.15;293.15;293.15;293.15;293.15;293.15;293.15;293.15;293.15
2014-01-02 03:45:00;293.15;293.15;293.15;293.15;293.15;293.15;293.15;293.15;293.15;293.15
2014-01-02 04:00:00;293.15;293.15;293.15;293.15;293.15;293.15;293.15;293.15;293.15;293.15
2014-01-02 04:15:00;293.15;293.15;293.15;293.15;293.15;293.15;293.15;293.15;293.15;293.15
2014-01-02 04:30:00;293.15;293.15;293.15;293.15;293.15;293.15;293.15;293.15;293.15;293.15
2014-01-02 04:45:00;293.15;293.15;293.15;293.15;293.15;293.15;293.15;293.15;293.15;293.15
2014-01-02 05:00:00;293.15;293.15;293.15;293.15;293.15;293.15;293.15;293.15;293.15;293.15
2014-01-02 05:15:00;293.15;293.15;293.15;293.15;293.15;293.15;293.15;293.15;293.15;293.15
2014-01-02 05:30:00;293.15;293.15;293.15;293.15;293.15;293.15;293.15;293.15;293.15;293.15
2014-01-02 05:45:00;293.15;293.15;293.15;293.15;293.15;293.15;293.15;293.15;293.15;293.15
2014-01-02 06:00:00;293.15;293.15;293.15;293.15;293.15;293.15;293.15;293.15;293.15;293.15
2014-01-02 06:15:00;293.15;293.15;293.15;293.15;293.15;293.15;293.15;293.15;293.15;291.984899946
2014-01-02 06:30:00;293.15;291.985703759;293.15;293.15;293.15;293.15;293.15;293.15;293.15;291.661589879
2014-01-02 06:45:00;293.15;291.662535279;293.15;293.15;293.15;293.15;293.15;293.15;293.15;291.556765591
2014-01-02 07:00:00;293.15;291.557982159;293.15;293.15;293.15;293.15;293.15;293.15;293.15;291.508711599
2014-01-02 07:15:00;293.15;291.510316773;293.15;293.15;293.15;293.15;293.15;293.15;293.15;291.475829179
2014-01-02 07:30:00;292.056050855;291.477838047;293.15;293.15;293.15;293.15;293.15;293.15;293.15;291.447371573
2014-01-02 07:45:00;291.751877373;291.450016595;291.995645322;293.15;293.15;293.15;293.15;293.15;293.15;291.420786529
2014-01-02 08:00:00;291.653683773;291.424399502;291.677062115;293.15;293.15;293.15;293.15;293.15;293.15;291.395677467
2014-01-02 08:15:00;291.609814947;291.400543219;291.576496419;293.15;293.15;293.15;293.15;293.15;293.15;291.372131481
2014-01-02 08:30:00;291.581275304;291.378417008;291.533448274;293.15;293.15;293.15;293.15;293.15;293.15;291.350255285
2014-01-02 08:45:00;291.558047142;291.358047298;291.506592136;293.15;293.15;293.15;292.130222627;293.15;293.15;291.330111389
2014-01-02 09:00:00;291.537212307;291.339107407;291.484941589;293.15;293.15;293.15;291.849848964;293.15;293.15;291.311383023
2014-01-02 09:15:00;291.517904451;291.321401876;291.465550517;293.15;293.15;293.15;291.762380073;293.15;293.15;291.29387785
2014-01-02 09:30:00;291.499888145;291.304871047;291.447646856;293.15;293.15;293.15;291.725577247;293.15;292.140325685;291.277537545
2014-01-02 09:45:00;291.482416461;291.288815976;291.430344725;293.15;293.15;292.216263458;291.702100315;293.15;291.864207298;291.261663993
2014-01-02 10:00:00;291.464722056;291.272484178;291.412840357;293.15;293.15;291.9587213;291.681748526;293.15;291.778232112;291.245505376
2014-01-02 10:15:00;291.446796411;291.255873279;291.395115275;293.15;293.15;291.876759362;291.662078849;293.15;291.741167309;291.22905991
2014-01-02 10:30:00;291.429201289;291.239548775;291.37772815;293.15;293.15;291.840510883;291.64302223;293.15;291.717179075;291.212893628
2014-01-02 10:45:00;291.412004511;291.223581443;291.360745522;293.15;292.257927309;291.816434221;291.624480705;292.268812095;291.696950995;291.197077806
2014-01-02 11:00:00;291.395122432;291.207890252;291.34408297;292.304839908;292.011274078;291.795779884;291.606324905;292.024971254;291.67797585;291.181531873
2014-01-02 11:15:00;291.378571888;291.192494431;291.327756719;292.070331598;291.932711719;291.776326995;291.588557101;291.947147736;291.659640888;291.166275485
2014-01-02 11:30:00;291.362262994;291.177306308;291.311676351;291.994865132;291.897730005;291.757404636;291.571081075;291.912342351;291.641689281;291.151221364
2014-01-02 11:45:00;291.345919923;291.162052112;291.295565552;291.960385144;291.873988166;291.73858315;291.553616979;291.888609169;291.623797819;291.136096106
2014-01-02 12:00:00;291.329234105;291.14642518;291.27911531;291.93623146;291.852907967;291.719510516;291.535852988;291.867473323;291.605641676;291.120593388
2014-01-02 12:15:00;291.311948037;291.130169784;291.262067714;291.914319042;291.832094473;291.699914494;291.517528709;291.846568334;291.586955415;291.104457795
2014-01-02 12:30:00;291.294106627;291.113332481;291.244467297;291.89267;291.811035728;291.679832906;291.498686394;291.825391231;291.567778426;291.087736175
2014-01-02 12:45:00;291.275921272;291.0961262;291.226525112;291.870969063;291.789793993;291.65947227;291.479534993;291.804008113;291.54831747;291.070641729
2014-01-02 13:00:00;291.257661107;291.078821503;291.208509978;291.849344599;291.768594729;291.639097628;291.460341369;291.782646839;291.528837505;291.053445269
2014-01-02 13:15:00;291.239413575;291.061507163;291.19050905;291.827843091;291.747509263;291.618792734;291.441190858;291.761380656;291.509422138;291.0362358
2014-01-02 13:30:00;291.221058975;291.044064711;291.172402358;291.806329919;291.726409228;291.598434486;291.421961804;291.740082888;291.489948115;291.01889507
2014-01-02 13:45:00;291.202537853;291.026435845;291.154130206;291.784737742;291.70522875;291.577960279;291.402592939;291.718689205;291.470352695;291.001364977
2014-01-02 14:00:00;291.183821558;291.008592986;291.13566372;291.763032113;291.683933633;291.557338532;291.383053929;291.69716683;291.450604178;290.983618127
2014-01-02 14:15:00;291.164593704;290.990220748;291.116686308;291.740891658;291.662202455;291.536250134;291.363026823;291.675195648;291.430383351;290.965339306
2014-01-02 14:30:00;291.144463476;290.970929245;291.096806968;291.717921025;291.639639748;291.514301737;291.342119354;291.652381398;291.409296775;290.946138789
2014-01-02 14:45:00;291.123274375;290.950562847;291.07586903;291.693959527;291.616084701;291.491334484;291.320173674;291.62856438;291.387185521;290.925861095
2014-01-02 15:00:00;291.100940137;290.9290361;291.053786071;291.668917008;291.591447044;291.467259914;291.297102264;291.603655349;291.363961067;290.904420908
2014-01-02 15:15:00;291.07775744;290.906646437;291.030854628;291.64308653;291.566019732;291.442372662;291.273200638;291.577948209;291.339917996;290.882115789
2014-01-02 15:30:00;291.054177581;290.883845863;291.007525867;291.616916022;291.540250604;291.417122119;291.24891901;291.551891669;291.315505661;290.859397862
2014-01-02 15:45:00;291.03041769;290.860852165;290.984016797;291.590619481;291.514353571;291.39172364;291.2244735;291.525700445;291.290939386;290.836485026
2014-01-02 16:00:00;291.006611063;290.837799257;290.960460607;291.564327286;291.488458939;291.366308867;291.19999647;291.499505582;291.266350794;290.813511298
2014-01-02 16:15:00;290.982783987;290.814714;290.936883483;291.538063003;291.462590207;291.340902542;291.175513332;291.473331266;291.241764611;291.15
2014-01-02 16:30:00;290.958939465;291.15;290.91328834;291.511827104;291.436747791;291.315506229;291.151742191;291.447178538;291.217898309;291.15
2014-01-02 16:45:00;291.15;291.15;290.889674961;291.485617093;291.410929143;291.290118449;291.15;291.421045432;291.193572907;291.15
2014-01-02 17:00:00;291.15;291.15;290.866042391;291.460145796;291.385131134;291.264737066;291.15;291.394929353;291.169675421;291.15
2014-01-02 17:15:00;291.15;291.15;290.842389544;291.434235898;291.360066564;291.239359886;291.15;291.368827681;291.15;291.15
2014-01-02 17:30:00;291.15;291.15;290.818715354;291.408806823;291.334557615;291.214700722;291.15;291.342737912;291.15;291.15
2014-01-02 17:45:00;291.15;291.15;290.795018814;291.384043206;291.309517525;291.189584951;291.15;291.316657693;291.15;291.15
2014-01-02 18:00:00;291.15;291.15;291.15;291.359944684;291.285130183;291.164949338;291.15;291.290584816;291.15;291.15
2014-01-02 18:15:00;291.15;291.15;291.15;291.336467203;291.26139581;291.15;291.15;291.264517211;291.15;291.15
2014-01-02 18:30:00;291.15;291.15;291.15;291.313559106;291.238271214;291.15;291.15;291.23845294;291.15;291.15
2014-01-02 18:45:00;291.15;291.15;291.15;291.291170131;291.215705616;291.15;291.15;291.212390183;291.15;291.15
2014-01-02 19:00:00;291.15;291.15;291.15;291.269253452;291.193649576;291.15;291.15;291.186327236;291.15;291.15
2014-01-02 19:15:00;291.15;291.15;291.15;291.24840455;291.172695629;291.15;291.15;291.161617004;291.15;291.15
2014-01-02 19:30:00;291.15;291.15;291.15;291.228951948;291.153169446;291.15;291.15;291.15;291.15;291.15
2014-01-02 19:45:00;291.15;291.15;291.15;291.210303325;291.15;291.15;291.15;291.15;291.15;291.15
2014-01-02 20:00:00;291.15;291.15;291.15;291.191611745;291.15;291.15;291.15;291.15;291.15;291.15
2014-01-02 20:15:00;291.15;291.15;291.15;291.172508231;291.15;291.15;291.15;291.15;291.15;291.15
2014-01-02 20:30:00;291.15;291.15;291.15;291.153196192;291.15;291.15;291.15;291.15;291.15;291.15
2014-01-02 20:45:00;291.15;291.15;291.15;291.15;291.15;291.15;291.15;291.15;291.15;291.15
2014-01-02 21:00:00;291.15;291.15;291.15;291.15;291.15;291.15;291.15;291.15;291.15;291.15
2014-01-02 21:15:00;291.15;291.15;291.15;291.15;291.15;291.15;291.15;291.15;291.15;291.15
2014-01-02 21:30:00;291.15;291.15;291.15;291.15;291.15;291.15;291.15;291.15;291.15;291.15
2014-01-02 21:45:00;291.15;291.15;291.15;291.15;291.15;291.15;291.15;291.15;291.15;291.15
2014-01-02 22:00:00;291.15;291.15;291.15;291.15;291.15;291.15;291.15;291.15;291.15;291.15
2014-01-02 22:15:00;291.15;291.15;291.15;291.15;291.15;291.15;291.15;291.15;291.15;291.15
2014-01-02 22:30:00;291.15;291.15;291.15;291.15;291.15;291.15;291.15;291.15;291.15;291.15
2014-01-02 22:45:00;291.15;291.15;291.15;293.15;291.15;291.15;291.15;291.15;291.15;291.15
2014-01-02 23:00:00;291.15;291.15;291.15;293.15;291.15;291.15;291.15;293.15;291.15;291.15
2014-01-02 23:15:00;291.15;291.15;291.15;293.15;291.15;293.15;291.15;293.15;291.15;291.15
2014-01-02 23:30:00;291.15;291.15;291.15;293.15;291.15;293.15;291.15;293.15;291.15;291.15
2014-01-02 23:45:00;293.15;291.15;291.15;293.15;291.15;293.15;291.15;293.15;291.15;293.15
2014-01-03 00:00:00;293.15;293.15;291.15;293.15;293.15;293.15;293.15;293.15;291.15;293.15
2014-01-03 00:15:00;293.15;293.15;291.15;293.15;293.15;293.15;293.15;293.15;291.15;293.15
2014-01-03 00:30:00;293.15;293.15;291.15;293.15;293.15;293.15;293.15;293.15;291.15;293.15
2014-01-03 00:45:00;293.15;293.15;291.15;293.15;293.15;293.15;293.15;293.15;291.15;293.15
2014-01-03 01:00:00;293.15;293.15;293.15;293.15;293.15;293.15;293.15;293.15;293.15;293.15
2014-01-03 01:15:00;293.15;293.15;293.15;293.15;293.15;293.15;293.15;293.15;293.15;293.15
2014-01-03 01:30:00;293.15;293.15;293.15;293.15;293.15;293.15;293.15;293.15;293.15;293.15
2014-01-03 01:45:00;293.15;293.15;293.15;293.15;293.15;293.15;293.15;293.15;293.15;293.15
2014-01-03 02:00:00;293.15;293.15;293.15;293.15;293.15;293.15;293.15;293.15;293.15;293.15
2014-01-03 02:15:00;293.15;293.15;293.15;293.15;293.15;293.15;293.15;293.15;293.15;293.15
2014-01-03 02:30:00;293.15;293.15;293.15;293.15;293.15;293.15;293.15;293.15;293.15;293.15
2014-01-03 02:45:00;293.15;293.15;293.15;293.15;293.15;293.15;293.15;293.15;293.15;293.15
2014-01-03 03:00:00;293.15;293.15;293.15;293.15;293.15;293.15;293.15;293.15;293.15;293.15
2014-01-03 03:15:00;293.15;293.15;293.15;293.15;293.15;293.15;293.15;293.15;293.15;293.15
2014-01-03 03:30:00;293.15;293.15;293.15;293.15;293.15;293.15;293.15;293.15;293.15;293.15
2014-01-03 03:45:00;293.15;293.15;293.15;293.15;293.15;293.15;293.15;293.15;293.15;293.15
2014-01-03 04:00:00;293.15;293.15;293.15;293.15;293.15;293.15;293.15;293.15;293.15;293.15
2014-01-03 04:15:00;293.15;293.15;293.15;293.15;293.15;293.15;293.15;293.15;293.15;293.15
2014-01-03 04:30:00;293.15;293.15;293.15;293.15;293.15;293.15;293.15;293.15;293.15;293.15
2014-01-03 04:45:00;293.15;293.15;293.15;293.15;293.15;293.15;293.15;293.15;293.15;293.15
2014-01-03 05:00:00;293.15;293.15;293.15;293.15;293.15;293.15;293.15;293.15;293.15;293.15
2014-01-03 05:15:00;293.15;293.15;293.15;293.15;293.15;293.15;293.15;293.15;293.15;293.15
2014-01-03 05:30:00;293.15;293.15;293.15;293.15;293.15;293.15;293.15;293.15;293.15;293.15
2014-01-03 05:45:00;293.15;293.15;293.15;293.15;293.15;293.15;293.15;293.15;293.15;293.15
2014-01-03 06:00:00;293.15;293.15;293.15;293.15;293.15;293.15;293.15;293.15;293.15;293.15
2014-01-03 06:15:00;293.15;293.15;293.15;293.15;293.15;293.15;293.15;293.15;293.15;291.935987872
2014-01-03 06:30:00;293.15;291.938069455;293.15;293.15;293.15;293.15;293.15;293.15;293.15;291.60264636
2014-01-03 06:45:00;293.15;291.605398182;293.15;293.15;293.15;293.15;293.15;293.15;293.15;291.498025581
2014-01-03 07:00:00;293.15;291.500768088;293.15;293.15;293.15;293.15;293.15;293.15;293.15;291.452411157
2014-01-03 07:15:00;293.15;291.454101333;293.15;293.15;293.15;293.15;293.15;293.15;293.15;291.421189872
2014-01-03 07:30:00;292.020876377;291.421715275;293.15;293.15;293.15;293.15;293.15;293.15;293.15;291.39300838
2014-01-03 07:45:00;291.707312621;291.393656644;291.95201467;293.15;293.15;293.15;293.15;293.15;293.15;291.366244936
2014-01-03 08:00:00;291.607391682;291.368736296;291.622852216;293.15;293.15;293.15;293.15;293.15;293.15;291.341858139
2014-01-03 08:15:00;291.565168045;291.347213882;291.521624354;293.15;293.15;293.15;293.15;293.15;293.15;291.320661913
2014-01-03 08:30:00;291.539950779;291.328650278;291.481280142;293.15;293.15;293.15;293.15;293.15;293.15;291.302360751
2014-01-03 08:45:00;291.521020651;291.312702068;291.458541145;293.15;293.15;293.15;292.106338842;293.15;293.15;291.286648976
2014-01-03 09:00:00;291.505000581;291.298669186;291.441639417;293.15;293.15;293.15;291.823491929;293.15;293.15;291.272836923
2014-01-03 09:15:00;291.490324464;291.285678527;291.426845811;293.15;293.15;293.15;291.738748325;293.15;293.15;291.260054798
2014-01-03 09:30:00;291.476587336;291.273506658;291.41319713;293.15;293.15;293.15;291.705708981;293.15;292.127457183;291.248080602
2014-01-03 09:45:00;291.463546711;291.261960622;291.400306245;293.15;293.15;292.205974496;291.686508961;293.15;291.851360659;291.236722285
2014-01-03 10:00:00;291.451158865;291.251012004;291.388091421;293.15;293.15;291.949905281;291.671405739;293.15;291.76956809;291.225952166
2014-01-03 10:15:00;291.439371664;291.240614983;291.376490048;293.15;293.15;291.873051843;291.657844042;293.15;291.738366945;291.215725075
2014-01-03 10:30:00;291.428073195;291.230661466;291.365386885;293.15;293.15;291.842792793;291.645063244;293.15;291.720621789;291.205933516
2014-01-03 10:45:00;291.41711108;291.221002098;291.354628116;293.15;292.259982787;291.824829911;291.63274037;292.275464864;291.706633996;291.196428681
2014-01-03 11:00:00;291.406383139;291.211537371;291.344110659;292.317040329;292.018337576;291.810256965;291.620726096;292.037872344;291.693835874;291.187111573
2014-01-03 11:15:00;291.395295203;291.201675556;291.333239616;292.089516045;291.94487106;291.796206454;291.608411145;291.96551631;291.680992683;291.177390936
2014-01-03 11:30:00;291.383139092;291.190710736;291.321306168;292.018552671;291.913882352;291.78137998;291.595080714;291.934842098;291.667226308;291.166561289
2014-01-03 11:45:00;291.369751491;291.178481693;291.308146417;291.987077497;291.892994494;291.765458028;291.58056724;291.91403255;291.652325125;291.154461818
2014-01-03 12:00:00;291.355051712;291.164909687;291.293679139;291.964881863;291.873818514;291.748315845;291.564786591;291.89484514;291.636191817;291.141014161
2014-01-03 12:15:00;291.339573908;291.150530681;291.278437994;291.944730021;291.854740821;291.730472684;291.548269852;291.875706414;291.619352375;291.126754628
2014-01-03 12:30:00;291.32401322;291.136041501;291.263117671;291.925309141;291.83589672;291.712616559;291.531709355;291.856764206;291.602496246;291.112380368
2014-01-03 12:45:00;291.308523436;291.121597496;291.247871537;291.90625013;291.81728979;291.694896365;291.515256286;291.838027347;291.585772425;291.098047031
2014-01-03 13:00:00;291.293121066;291.107216635;291.232715721;291.887429689;291.798892321;291.677324516;291.498924749;291.81947135;291.569193104;291.083772861
2014-01-03 13:15:00;291.277776079;291.092870239;291.217619836;291.868777049;291.780657765;291.659867288;291.482682479;291.801052227;291.552724283;291.06952944
2014-01-03 13:30:00;291.262437783;291.078508876;291.202532864;291.850226644;291.762526429;291.642470591;291.466476713;291.782712536;291.5363116;291.055267574
2014-01-03 13:45:00;291.247034397;291.064061939;291.187382726;291.831698798;291.744419805;291.625059491;291.450233748;291.764375826;291.519879873;291.040916878
2014-01-03 14:00:00;291.23149822;291.049462821;291.172101445;291.813119999;291.726264369;291.607563359;291.433884097;291.745970466;291.503358251;291.026410952
2014-01-03 14:15:00;291.214961449;291.033844735;291.155820963;291.793617442;291.70718702;291.589111669;291.416558301;291.726625101;291.485876007;291.0108832
2014-01-03 14:30:00;291.196645044;291.016429592;291.137762011;291.772407537;291.68640383;291.56892285;291.397475783;291.705557416;291.466651392;290.993555711
2014-01-03 14:45:00;291.176688555;290.997357825;291.118063921;291.749625633;291.664049815;291.547134095;291.376774664;291.682903915;291.445821442;290.974569084
2014-01-03 15:00:00;291.155495306;290.977033585;291.097129824;291.725671153;291.640524089;291.524146535;291.35485694;291.659065089;291.42378715;290.954327623
2014-01-03 15:15:00;291.132764573;290.955156916;291.074658813;291.700239747;291.615522018;291.499657405;291.331420654;291.633737576;291.400245627;290.932531515
2014-01-03 15:30:00;291.10849706;290.931729243;291.050651429;291.673328746;291.589040672;291.473665506;291.306465365;291.60691962;291.375195569;290.909182319
2014-01-03 15:45:00;291.08382971;290.90788818;291.026244461;291.646071956;291.562213616;291.447306009;291.281126948;291.57974587;291.349772056;290.88541777
2014-01-03 16:00:00;291.060125985;290.884997815;291.002801233;291.619829915;291.536401169;291.421940725;291.256767875;291.553577648;291.325336818;290.862602073
2014-01-03 16:15:00;291.038138694;290.863811545;290.981074427;291.595352712;291.512353221;291.398320922;291.234140034;291.529165766;291.302641058;291.15
2014-01-03 16:30:00;291.01725479;291.15;290.960450879;291.572024765;291.489454005;291.375832118;291.213345431;291.505895315;291.281786149;291.15
2014-01-03 16:45:00;291.15;291.15;290.940038083;291.548951313;291.466808593;291.353580572;291.192313666;291.482872154;291.260698374;291.15
2014-01-03 17:00:00;291.15;291.15;290.918852979;291.525863101;291.443431667;291.330582069;291.17095317;291.459111691;291.239257828;291.15
2014-01-03 17:15:00;291.15;291.15;290.896790911;291.501477886;291.419932377;291.306730874;291.15;291.434507841;291.217536683;291.15
2014-01-03 17:30:00;291.15;291.15;290.874480608;291.477330799;291.395760884;291.283370616;291.15;291.409687989;291.196167496;291.15
2014-01-03 17:45:00;291.15;291.15;290.852083546;291.453766416;291.371975069;291.259487657;291.15;291.384812355;291.175274688;291.15
2014-01-03 18:00:00;291.15;291.15;291.15;291.430826777;291.348797681;291.236045166;291.15;291.359920726;291.154854964;291.15
2014-01-03 18:15:00;291.15;291.15;291.15;291.408479858;291.326240425;291.213239705;291.15;291.335021976;291.15;291.15
2014-01-03 18:30:00;291.15;291.15;291.15;291.386678124;291.304264425;291.191074601;291.15;291.310117102;291.15;291.15
2014-01-03 18:45:00;291.15;291.15;291.15;291.365373324;291.282821267;291.169507335;291.15;291.285205159;291.15;291.15
2014-01-03 19:00:00;291.15;291.15;291.15;291.344520029;291.26186328;291.15;291.15;291.260284782;291.15;291.15
2014-01-03 19:15:00;291.15;291.15;291.15;291.3240763;291.241345928;291.15;291.15;291.236070482;291.15;291.15
2014-01-03 19:30:00;291.15;291.15;291.15;291.304003633;291.221228182;291.15;291.15;291.211390229;291.15;291.15
2014-01-03 19:45:00;291.15;291.15;291.15;291.284266734;291.201472393;291.15;291.15;291.187201272;291.15;291.15
2014-01-03 20:00:00;291.15;291.15;291.15;291.264833271;291.182044056;291.15;291.15;291.163695445;291.15;291.15
2014-01-03 20:15:00;291.15;291.15;291.15;291.24503504;291.162272968;291.15;291.15;291.15;291.15;291.15
2014-01-03 20:30:00;291.15;291.15;291.15;291.224477803;291.15;291.15;291.15;291.15;291.15;291.15
2014-01-03 20:45:00;291.15;291.15;291.15;291.203689227;291.15;291.15;291.15;291.15;291.15;291.15
2014-01-03 21:00:00;291.15;291.15;291.15;291.183465059;291.15;291.15;291.15;291.15;291.15;291.15
2014-01-03 21:15:00;291.15;291.15;291.15;291.165706433;291.15;291.15;291.15;291.15;291.15;291.15
2014-01-03 21:30:00;291.15;291.15;291.15;291.15088653;291.15;291.15;291.15;291.15;291.15;291.15
2014-01-03 21:45:00;291.15;291.15;291.15;291.15;291.15;291.15;291.15;291.15;291.15;291.15
2014-01-03 22:00:00;291.15;291.15;291.15;291.15;291.15;291.15;291.15;291.15;291.15;291.15
2014-01-03 22:15:00;291.15;291.15;291.15;291.15;291.15;291.15;291.15;291.15;291.15;291.15
2014-01-03 22:30:00;291.15;291.15;291.15;291.15;291.15;291.15;291.15;291.15;291.15;291.15
2014-01-03 22:45:00;291.15;291.15;291.15;293.15;291.15;291.15;291.15;291.15;291.15;291.15
2014-01-03 23:00:00;291.15;291.15;291.15;293.15;291.15;291.15;291.15;293.15;291.15;291.15
2014-01-03 23:15:00;291.15;291.15;291.15;293.15;291.15;293.15;291.15;293.15;291.15;291.15
2014-01-03 23:30:00;291.15;291.15;291.15;293.15;291.15;293.15;291.15;293.15;291.15;291.15
2014-01-03 23:45:00;293.15;291.15;291.15;293.15;291.15;293.15;291.15;293.15;291.15;293.15
2014-01-04 00:00:00;293.15;293.15;291.15;293.15;293.15;293.15;293.15;293.15;291.15;293.15
2014-01-04 00:15:00;293.15;293.15;291.15;293.15;293.15;293.15;293.15;293.15;291.15;293.15
2014-01-04 00:30:00;293.15;293.15;291.15;293.15;293.15;293.15;293.15;293.15;291.15;293.15
2014-01-04 00:45:00;293.15;293.15;291.15;293.15;293.15;293.15;293.15;293.15;291.15;293.15
2014-01-04 01:00:00;293.15;293.15;293.15;293.15;293.15;293.15;293.15;293.15;293.15;293.15
2014-01-04 01:15:00;293.15;293.15;293.15;293.15;293.15;293.15;293.15;293.15;293.15;293.15
2014-01-04 01:30:00;293.15;293.15;293.15;293.15;293.15;293.15;293.15;293.15;293.15;293.15
2014-01-04 01:45:00;293.15;293.15;293.15;293.15;293.15;293.15;293.15;293.15;293.15;293.15
2014-01-04 02:00:00;293.15;293.15;293.15;293.15;293.15;293.15;293.15;293.15;293.15;293.15
2014-01-04 02:15:00;293.15;293.15;293.15;293.15;293.15;293.15;293.15;293.15;293.15;293.15
2014-01-04 02:30:00;293.15;293.15;293.15;293.15;293.15;293.15;293.15;293.15;293.15;293.15
2014-01-04 02:45:00;293.15;293.15;293.15;293.15;293.15;293.15;293.15;293.15;293.15;293.15
2014-01-04 03:00:00;293.15;293.15;293.15;293.15;293.15;293.15;293.15;293.15;293.15;293.15
2014-01-04 03:15:00;293.15;293.15;293.15;293.15;293.15;293.15;293.15;293.15;293.15;293.15
2014-01-04 03:30:00;293.15;293.15;293.15;293.15;293.15;293.15;293.15;293.15;293.15;293.15
2014-01-04 03:45:00;293.15;293.15;293.15;293.15;293.15;293.15;293.15;293.15;293.15;293.15
2014-01-04 04:00:00;293.15;293.15;293.15;293.15;293.15;293.15;293.15;293.15;293.15;293.15
2014-01-04 04:15:00;293.15;293.15;293.15;293.15;293.15;293.15;293.15;293.15;293.15;293.15
2014-01-04 04:30:00;293.15;293.15;293.15;293.15;293.15;293.15;293.15;293.15;293.15;293.15
2014-01-04 04:45:00;293.15;293.15;293.15;293.15;293.15;293.15;293.15;293.15;293.15;293.15
2014-01-04 05:00:00;293.15;293.15;293.15;293.15;293.15;293.15;293.15;293.15;293.15;293.15
2014-01-04 05:15:00;293.15;293.15;293.15;293.15;293.15;293.15;293.15;293.15;293.15;293.15
2014-01-04 05:30:00;293.15;293.15;293.15;293.15;293.15;293.15;293.15;293.15;293.15;293.15
2014-01-04 05:45:00;293.15;293.15;293.15;293.15;293.15;293.15;293.15;293.15;293.15;293.15
2014-01-04 06:00:00;293.15;293.15;293.15;293.15;293.15;293.15;293.15;293.15;293.15;293.15
2014-01-04 06:15:00;293.15;293.15;293.15;293.15;293.15;293.15;293.15;293.15;293.15;291.869693527
2014-01-04 06:30:00;293.15;291.868940972;293.15;293.15;293.15;293.15;293.15;293.15;293.15;291.514763318
2014-01-04 06:45:00;293.15;291.513781812;293.15;293.15;293.15;293.15;293.15;293.15;293.15;291.399935248
2014-01-04 07:00:00;293.15;291.398860408;293.15;293.15;293.15;293.15;293.15;293.15;293.15;291.347213694
2014-01-04 07:15:00;293.15;291.346080697;293.15;293.15;293.15;293.15;293.15;293.15;293.15;291.310719536
2014-01-04 07:30:00;291.945833354;291.309537706;293.15;293.15;293.15;293.15;293.15;293.15;293.15;291.278616091
2014-01-04 07:45:00;291.610029335;291.277519804;291.875138838;293.15;293.15;293.15;293.15;293.15;293.15;291.247971507
2014-01-04 08:00:00;291.499983782;291.247187067;291.521706745;293.15;293.15;293.15;293.15;293.15;293.15;291.21820916
2014-01-04 08:15:00;291.45140158;291.220525088;291.410429924;293.15;293.15;293.15;293.15;293.15;293.15;291.191898754
2014-01-04 08:30:00;291.423490243;291.199587715;291.366395826;293.15;293.15;293.15;293.15;293.15;293.15;291.171245493
2014-01-04 08:45:00;291.40439098;291.183560537;291.343188592;293.15;293.15;293.15;292.030265998;293.15;293.15;291.15547475
2014-01-04 09:00:00;291.388696605;291.169885527;291.326495052;293.15;293.15;293.15;291.728083658;293.15;293.15;291.142039477
2014-01-04 09:15:00;291.373904688;291.156797511;291.311516883;293.15;293.15;293.15;291.638076595;293.15;293.15;291.129177997
2014-01-04 09:30:00;291.360242955;291.144717052;291.297889214;293.15;293.15;293.15;291.603706861;293.15;292.057773103;291.117312399
2014-01-04 09:45:00;291.347018604;291.133003699;291.28476563;293.15;293.15;292.140179948;291.583885112;293.15;291.763298019;291.1058032
2014-01-04 10:00:00;291.333899676;291.121341447;291.271773737;293.15;293.15;291.866408346;291.567865384;293.15;291.675878001;291.094335179
2014-01-04 10:15:00;291.320836733;291.109687261;291.2588529;293.15;293.15;291.783853247;291.552910619;293.15;291.641942198;291.082865998
2014-01-04 10:30:00;291.307969313;291.098184452;291.246139045;293.15;293.15;291.750830699;291.538463907;293.15;291.622064947;291.071539604
2014-01-04 10:45:00;291.295310461;291.086849009;291.23364362;293.15;292.195934298;291.730809186;291.524355215;292.213459124;291.60605743;291.060372574
2014-01-04 11:00:00;291.28281485;291.075638195;291.221320272;292.256417489;291.936338063;291.714321158;291.510488685;291.958466942;291.591239241;291.049322717
2014-01-04 11:15:00;291.27041375;291.064485645;291.209099437;292.012313949;291.857285656;291.698865305;291.496779453;291.880689314;291.576856793;291.038324174
2014-01-04 11:30:00;291.258023295;291.053309684;291.196896511;291.93709323;291.824859781;291.683726537;291.483136619;291.848640484;291.562644328;291.027295738
2014-01-04 11:45:00;291.245538965;291.042007822;291.1846063;291.905394875;291.804465364;291.668633591;291.469451173;291.828358775;291.548445431;291.016135353
2014-01-04 12:00:00;291.232856858;291.030478045;291.172124282;291.884837395;291.787103314;291.653435803;291.455615583;291.811010643;291.534138174;291.004741405
2014-01-04 12:15:00;291.219825468;291.018570598;291.159298381;291.866945388;291.770323081;291.637966095;291.44147511;291.794190713;291.519562094;290.992964517
2014-01-04 12:30:00;291.206368024;291.006210342;291.146051299;291.849491369;291.753448993;291.622140412;291.426950019;291.777237252;291.504634117;290.980729892
2014-01-04 12:45:00;291.192541231;290.993455498;291.132439255;291.831972385;291.73637741;291.606010545;291.412094278;291.76005234;291.489405623;290.968096075
2014-01-04 13:00:00;291.17844442;290.980406806;291.118561132;291.814338478;291.719160759;291.589671735;291.397004678;291.742691841;291.473971138;290.955164102
2014-01-04 13:15:00;291.163954163;290.966942151;291.10429309;291.796423041;291.701658347;291.57299688;291.381555439;291.725017764;291.458202817;290.941812137
2014-01-04 13:30:00;291.148712577;290.952704872;291.089276866;291.777852687;291.683503032;291.555624715;291.365386493;291.706665345;291.441738691;290.927683776
2014-01-04 13:45:00;291.132432126;290.937408571;291.073224572;291.758331821;291.66440043;291.537264565;291.348208276;291.687342362;291.424287437;290.912492857
2014-01-04 14:00:00;291.11489629;290.920837787;291.055919366;291.73763807;291.644128115;291.517696997;291.329802386;291.666828382;291.405629025;290.896024144
2014-01-04 14:15:00;291.095624162;290.902512601;291.036880042;291.715285509;291.622199811;291.496438393;291.309686168;291.644638969;291.385279292;290.877797921
2014-01-04 14:30:00;291.074241493;290.882059685;291.015732078;291.690895336;291.598236315;291.473111985;291.287483751;291.620396618;291.362860969;290.857441053
2014-01-04 14:45:00;291.050751871;290.859483486;290.99247881;291.664466934;291.57223662;291.447719015;291.263197214;291.594101895;291.338374844;290.834958165
2014-01-04 15:00:00;291.025295324;290.834924832;290.96726003;291.636136424;291.544336488;291.420397324;291.236965184;291.565892011;291.311958342;290.810490248
2014-01-04 15:15:00;290.99805475;290.80856737;290.940258426;291.606083077;291.514714853;291.391327781;291.208969259;291.535947244;291.283791952;290.784221106
2014-01-04 15:30:00;290.969549808;290.780931456;290.911993457;291.574823173;291.483887687;291.361028146;291.179727883;291.504784805;291.25439309;290.756671236
2014-01-04 15:45:00;290.940625441;290.752862686;290.883309886;291.543198514;291.452696509;291.330341598;291.150084877;291.473247359;291.22460462;290.728686369
2014-01-04 16:00:00;290.912106207;290.725186228;290.855032104;291.51203073;291.421962691;291.30009105;291.120863749;291.442157337;291.19524917;290.701091795
2014-01-04 16:15:00;290.884481819;290.698392366;290.82764967;291.481806808;291.39217298;291.270764678;291.15;291.412002465;291.166814658;291.15
2014-01-04 16:30:00;290.857439531;291.15;290.800849698;291.452211464;291.363011872;291.242048305;291.15;291.382468143;291.15;291.15
2014-01-04 16:45:00;291.15;291.15;290.773962442;291.422572711;291.333807181;291.213270976;291.15;291.352883021;291.15;291.15
2014-01-04 17:00:00;291.15;291.15;290.746208264;291.392824737;291.303776998;291.183651925;291.15;291.322465963;291.15;291.15
2014-01-04 17:15:00;291.15;291.15;290.717563186;291.36176765;291.273611136;291.153166115;291.15;291.291191583;291.15;291.15
2014-01-04 17:30:00;291.15;291.15;290.688603892;291.330901578;291.242709555;291.15;291.15;291.259635247;291.15;291.15
2014-01-04 17:45:00;291.15;291.15;290.659478817;291.30056198;291.21213612;291.15;291.15;291.227944159;291.15;291.15
2014-01-04 18:00:00;291.15;291.15;291.15;291.270788479;291.182114801;291.15;291.15;291.196155143;291.15;291.15
2014-01-04 18:15:00;291.15;291.15;291.15;291.241548385;291.152657337;291.15;291.15;291.164276685;291.15;291.15
2014-01-04 18:30:00;291.15;291.15;291.15;291.212793973;291.15;291.15;291.15;291.132310044;291.15;291.15
2014-01-04 18:45:00;291.15;291.15;291.15;291.18447694;291.15;291.15;291.15;291.100254691;291.15;291.15
2014-01-04 19:00:00;291.15;291.15;291.15;291.156551864;291.15;291.15;291.15;291.15;291.15;291.15
2014-01-04 19:15:00;291.15;291.15;291.15;291.15;291.15;291.15;291.15;291.15;291.15;291.15
2014-01-04 19:30:00;291.15;291.15;291.15;291.15;291.15;291.15;291.15;291.15;291.15;291.15
2014-01-04 19:45:00;291.15;291.15;291.15;291.15;291.15;291.15;291.15;291.15;291.15;291.15
2014-01-04 20:00:00;291.15;291.15;291.15;291.15;291.15;291.15;291.15;291.15;291.15;291.15
2014-01-04 20:15:00;291.15;291.15;291.15;291.15;291.15;291.15;291.15;291.15;291.15;291.15
2014-01-04 20:30:00;291.15;291.15;291.15;291.15;291.15;291.15;291.15;291.15;291.15;291.15
2014-01-04 20:45:00;291.15;291.15;291.15;291.15;291.15;291.15;291.15;291.15;291.15;291.15
2014-01-04 21:00:00;291.15;291.15;291.15;291.15;291.15;291.15;291.15;291.15;291.15;291.15
2014-01-04 21:15:00;291.15;291.15;291.15;291.15;291.15;291.15;291.15;291.15;291.15;291.15
2014-01-04 21:30:00;291.15;291.15;291.15;291.15;291.15;291.15;291.15;291.15;291.15;291.15
2014-01-04 21:45:00;291.15;291.15;291.15;291.15;291.15;291.15;291.15;291.15;291.15;291.15
2014-01-04 22:00:00;291.15;291.15;291.15;291.15;291.15;291.15;291.15;291.15;291.15;291.15
2014-01-04 22:15:00;291.15;291.15;291.15;291.15;291.15;291.15;291.15;291.15;291.15;291.15
2014-01-04 22:30:00;291.15;291.15;291.15;291.15;291.15;291.15;291.15;291.15;291.15;291.15
2014-01-04 22:45:00;291.15;291.15;291.15;293.15;291.15;291.15;291.15;291.15;291.15;291.15
2014-01-04 23:00:00;291.15;291.15;291.15;293.15;291.15;291.15;291.15;293.15;291.15;291.15
2014-01-04 23:15:00;291.15;291.15;291.15;293.15;291.15;293.15;291.15;293.15;291.15;291.15
2014-01-04 23:30:00;291.15;291.15;291.15;293.15;291.15;293.15;291.15;293.15;291.15;291.15
2014-01-04 23:45:00;293.15;291.15;291.15;293.15;291.15;293.15;291.15;293.15;291.15;293.15
2014-01-05 00:00:00;293.15;293.15;291.15;293.15;293.15;293.15;293.15;293.15;291.15;293.15
2014-01-05 00:15:00;293.15;293.15;291.15;293.15;293.15;293.15;293.15;293.15;291.15;293.15
2014-01-05 00:30:00;293.15;293.15;291.15;293.15;293.15;293.15;293.15;293.15;291.15;293.15
2014-01-05 00:45:00;293.15;293.15;291.15;293.15;293.15;293.15;293.15;293.15;291.15;293.15
2014-01-05 01:00:00;293.15;293.15;293.15;293.15;293.15;293.15;293.15;293.15;293.15;293.15
2014-01-05 01:15:00;293.15;293.15;293.15;293.15;293.15;293.15;293.15;293.15;293.15;293.15
2014-01-05 01:30:00;293.15;293.15;293.15;293.15;293.15;293.15;293.15;293.15;293.15;293.15
2014-01-05 01:45:00;293.15;293.15;293.15;293.15;293.15;293.15;293.15;293.15;293.15;293.15
2014-01-05 02:00:00;293.15;293.15;293.15;293.15;293.15;293.15;293.15;293.15;293.15;293.15
2014-01-05 02:15:00;293.15;293.15;293.15;293.15;293.15;293.15;293.15;293.15;293.15;293.15
2014-01-05 02:30:00;293.15;293.15;293.15;293.15;293.15;293.15;293.15;293.15;293.15;293.15
2014-01-05 02:45:00;293.15;293.15;293.15;293.15;293.15;293.15;293.15;293.15;293.15;293.15
2014-01-05 03:00:00;293.15;293.15;293.15;293.15;293.15;293.15;293.15;293.15;293.15;293.15
2014-01-05 03:15:00;293.15;293.15;293.15;293.15;293.15;293.15;293.15;293.15;293.15;293.15
2014-01-05 03:30:00;293.15;293.15;293.15;293.15;293.15;293.15;293.15;293.15;293.15;293.15
2014-01-05 03:45:00;293.15;293.15;293.15;293.15;293.15;293.15;293.15;293.15;293.15;293.15
2014-01-05 04:00:00;293.15;293.15;293.15;293.15;293.15;293.15;293.15;293.15;293.15;293.15
2014-01-05 04:15:00;293.15;293.15;293.15;293.15;293.15;293.15;293.15;293.15;293.15;293.15
2014-01-05 04:30:00;293.15;293.15;293.15;293.15;293.15;293.15;293.15;293.15;293.15;293.15
2014-01-05 04:45:00;293.15;293.15;293.15;293.15;293.15;293.15;293.15;293.15;293.15;293.15
2014-01-05 05:00:00;293.15;293.15;293.15;293.15;293.15;293.15;293.15;293.15;293.15;293.15
2014-01-05 05:15:00;293.15;293.15;293.15;293.15;293.15;293.15;293.15;293.15;293.15;293.15
2014-01-05 05:30:00;293.15;293.15;293.15;293.15;293.15;293.15;293.15;293.15;293.15;293.15
2014-01-05 05:45:00;293.15;293.15;293.15;293.15;293.15;293.15;293.15;293.15;293.15;293.15
2014-01-05 06:00:00;293.15;293.15;293.15;293.15;293.15;293.15;293.15;293.15;293.15;293.15
2014-01-05 06:15:00;293.15;293.15;293.15;293.15;293.15;293.15;293.15;293.15;293.15;291.714925621
2014-01-05 06:30:00;293.15;291.714047145;293.15;293.15;293.15;293.15;293.15;293.15;293.15;291.315967449
2014-01-05 06:45:00;293.15;291.31483214;293.15;293.15;293.15;293.15;293.15;293.15;293.15;291.185713136
2014-01-05 07:00:00;293.15;291.184481553;293.15;293.15;293.15;293.15;293.15;293.15;293.15;291.124955376
2014-01-05 07:15:00;293.15;291.123575287;293.15;293.15;293.15;293.15;293.15;293.15;293.15;291.082258967
2014-01-05 07:30:00;291.793302917;291.081144994;293.15;293.15;293.15;293.15;293.15;293.15;293.15;291.044782345
2014-01-05 07:45:00;291.416012021;291.045448329;291.721705538;293.15;293.15;293.15;293.15;293.15;293.15;291.010609173
2014-01-05 08:00:00;291.296336019;291.015214059;291.329717457;293.15;293.15;293.15;293.15;293.15;293.15;290.981001103
2014-01-05 08:15:00;291.250732887;290.994031346;291.21393182;293.15;293.15;293.15;293.15;293.15;293.15;290.960200915
2014-01-05 08:30:00;291.232851665;290.983764129;291.17796212;293.15;293.15;293.15;293.15;293.15;293.15;290.950241848
2014-01-05 08:45:00;291.228325896;290.982473807;291.168787949;293.15;293.15;293.15;291.923080881;293.15;293.15;290.949229737
2014-01-05 09:00:00;291.230043195;290.986253405;291.169334748;293.15;293.15;293.15;291.606810443;293.15;293.15;290.953269813
2014-01-05 09:15:00;291.23428491;290.992213134;291.173315721;293.15;293.15;293.15;291.527626894;293.15;293.15;290.959476129
2014-01-05 09:30:00;291.241517473;291.001035695;291.180534438;293.15;293.15;293.15;291.511942162;293.15;292.000172988;290.968533025
2014-01-05 09:45:00;291.251274309;291.012312741;291.190352491;293.15;293.15;292.104494578;291.514441065;293.15;291.70816547;290.980033174
2014-01-05 10:00:00;291.263650248;291.026156424;291.202819485;293.15;293.15;291.841027445;291.523656856;293.15;291.640691882;290.994089545
2014-01-05 10:15:00;291.278991409;291.042919476;291.218269007;293.15;293.15;291.782894751;291.536952241;293.15;291.633478005;291.011055598
2014-01-05 10:30:00;291.297959541;291.063267348;291.237358768;293.15;293.15;291.78061461;291.554216201;293.15;291.644761021;291.031597446
2014-01-05 10:45:00;291.319202085;291.085850292;291.258734422;293.15;292.248741715;291.794146493;291.573893333;292.269888701;291.662248915;291.054365954
2014-01-05 11:00:00;291.341439451;291.109391162;291.281115225;292.333458193;292.028641022;291.812236202;291.594648332;292.055350422;291.681836325;291.078084543
2014-01-05 11:15:00;291.362991837;291.132212386;291.302820443;292.134120313;291.984646811;291.830628997;291.614783843;292.012898467;291.701108865;291.101076168
2014-01-05 11:30:00;291.383680253;291.154137036;291.323670256;292.094653164;291.985467331;291.848477952;291.634113392;292.014186289;291.719692285;291.123164389
2014-01-05 11:45:00;291.403679677;291.175342002;291.343838884;292.096023125;291.997486081;291.865781814;291.652807279;292.026362594;291.737705713;291.144526547
2014-01-05 12:00:00;291.423896637;291.19673559;291.36423216;292.10841446;292.012894483;291.883397885;291.671768284;292.041818299;291.756036158;291.166071369
2014-01-05 12:15:00;291.442489763;291.216478083;291.38300807;292.122062646;292.027598312;291.899468561;291.689151707;292.05651305;291.772832465;291.185959526
2014-01-05 12:30:00;291.45795898;291.233070942;291.398665946;292.133419884;292.039510306;291.91248629;291.703454423;292.06837572;291.786587634;291.202692842
2014-01-05 12:45:00;291.469863115;291.246074424;291.410764067;292.141511654;292.048031797;291.922004913;291.714232441;292.076813879;291.796854624;291.215831908
2014-01-05 13:00:00;291.478352397;291.255640089;291.419452159;292.146345467;292.053266684;291.928170534;291.721633377;292.081934963;291.803778368;291.225528596
2014-01-05 13:15:00;291.484246984;291.262589336;291.425549912;292.148699795;292.056017855;291.931799607;291.726474965;292.084544554;291.808174149;291.232604593
2014-01-05 13:30:00;291.48717743;291.266553871;291.42868745;292.14818989;292.055906469;291.932519276;291.728385509;292.084266151;291.809668012;291.236691875
2014-01-05 13:45:00;291.486766718;291.267157754;291.428487359;292.144430559;292.052548495;291.929949366;291.726985902;292.080717851;291.80787876;291.237414749
2014-01-05 14:00:00;291.48168492;291.263072057;291.423619345;292.136085833;292.044607935;291.922757009;291.720944275;292.072565612;291.801472585;291.233444522
2014-01-05 14:15:00;291.471994741;291.254360422;291.414145775;292.123213205;292.032141971;291.911002181;291.710321532;292.059868424;291.790508599;291.224845048
2014-01-05 14:30:00;291.457283361;291.240610898;291.399653516;292.105395114;292.014732683;291.894269519;291.694703176;292.042210037;291.774570642;291.211204579
2014-01-05 14:45:00;291.437046654;291.221320176;291.379638157;292.082123055;291.991871218;291.872052535;291.673583528;292.019083143;291.753151492;291.19201999
2014-01-05 15:00:00;291.411114943;291.196319335;291.353929754;292.053223285;291.963383505;291.844179346;291.64679146;291.990315098;291.726078597;291.167122535
2014-01-05 15:15:00;291.377544797;291.163665655;291.320584631;292.016748591;291.927322028;291.80870447;291.612382197;291.95395971;291.691405855;291.134569653
2014-01-05 15:30:00;291.337352002;291.124375585;291.280618351;291.973711244;291.884698783;291.766641785;291.571370275;291.911030193;291.650146575;291.095377946
2014-01-05 15:45:00;291.296218688;291.084131875;291.239712835;291.929790099;291.84119237;291.723671636;291.529436658;291.867206278;291.607980583;291.055230302
2014-01-05 16:00:00;291.260083692;291.04887394;291.203806726;291.890920944;291.80273834;291.685731198;291.492519098;291.828424561;291.570844575;291.020066266
2014-01-05 16:15:00;291.229760727;291.019416038;291.173713566;291.857914657;291.770147356;291.653632637;291.461430302;291.795496669;291.539550279;291.15
2014-01-05 16:30:00;291.20155469;291.15;291.145738085;291.827073486;291.73972147;291.623679401;291.433190136;291.764725548;291.511116652;291.15
2014-01-05 16:45:00;291.174422728;291.15;291.118837282;291.797352113;291.71041518;291.594827287;291.405572203;291.735066524;291.483314107;291.15
2014-01-05 17:00:00;291.15;291.15;291.092646643;291.769099777;291.681861647;291.566710656;291.379047866;291.706153518;291.456589327;291.15
2014-01-05 17:15:00;291.15;291.15;291.067082849;291.741049672;291.654691292;291.539245138;291.353708187;291.677901749;291.431028904;291.15
2014-01-05 17:30:00;291.15;291.15;291.041880348;291.713783129;291.627454385;291.512880108;291.329294785;291.650044292;291.406375037;291.15
2014-01-05 17:45:00;291.15;291.15;291.016479543;291.686915237;291.600431191;291.485875184;291.305215158;291.622020264;291.382036953;291.15
2014-01-05 18:00:00;291.15;291.15;291.15;291.659795614;291.573139908;291.458439305;291.280773497;291.59317311;291.35732073;291.15
2014-01-05 18:15:00;291.15;291.15;291.15;291.632418539;291.545615663;291.43078042;291.25595978;291.563531471;291.332218146;291.15
2014-01-05 18:30:00;291.15;291.15;291.15;291.605283351;291.518365944;291.403445814;291.231279043;291.533636411;291.307235902;291.15
2014-01-05 18:45:00;291.15;291.15;291.15;291.578488854;291.49148947;291.376540125;291.206837802;291.503627409;291.282482035;291.15
2014-01-05 19:00:00;291.15;291.15;291.15;291.552033143;291.464982307;291.350056973;291.182641877;291.473540344;291.257963755;291.15
2014-01-05 19:15:00;291.15;291.15;291.15;291.525890662;291.438816533;291.323964167;291.158672972;291.44410033;291.233664028;291.15
2014-01-05 19:30:00;291.15;291.15;291.15;291.500031862;291.412960299;291.298225431;291.15;291.414133792;291.209561169;291.15
2014-01-05 19:45:00;291.15;291.15;291.15;291.474428106;291.387382816;291.272805784;291.15;291.384546785;291.185633761;291.15
2014-01-05 20:00:00;291.15;291.15;291.15;291.449052759;291.362055471;291.247672744;291.15;291.355525168;291.161861795;291.15
2014-01-05 20:15:00;291.15;291.15;291.15;291.423881335;291.336951955;291.222796452;291.15;291.327073193;291.15;291.15
2014-01-05 20:30:00;291.15;291.15;291.15;291.398891395;291.312048151;291.198149541;291.15;291.299151963;291.15;291.15
2014-01-05 20:45:00;291.15;291.15;291.15;291.374062397;291.287321981;291.17370696;291.15;291.271714808;291.15;291.15
2014-01-05 21:00:00;291.15;291.15;291.15;291.349375547;291.262753236;291.15;291.15;291.244716126;291.15;291.15
2014-01-05 21:15:00;291.15;291.15;291.15;291.324813654;291.238323427;291.15;291.15;291.218113407;291.15;291.15
2014-01-05 21:30:00;291.15;291.15;291.15;291.300361001;291.214015643;291.15;291.15;291.191867524;291.15;291.15
2014-01-05 21:45:00;291.15;291.15;291.15;291.27600322;291.189814422;291.15;291.15;291.165942597;291.15;291.15
2014-01-05 22:00:00;291.15;291.15;291.15;291.251727183;291.165705627;291.15;291.15;291.15;291.15;291.15
2014-01-05 22:15:00;291.15;291.15;291.15;291.228270887;291.15;291.15;291.15;291.15;291.15;291.15
2014-01-05 22:30:00;291.15;291.15;291.15;291.205988777;291.15;291.15;291.15;291.15;291.15;291.15
2014-01-05 22:45:00;291.15;291.15;291.15;293.15;291.15;291.15;291.15;291.15;291.15;291.15
2014-01-05 23:00:00;291.15;291.15;291.15;293.15;291.15;291.15;291.15;293.15;291.15;291.15
2014-01-05 23:15:00;291.15;291.15;291.15;293.15;291.15;293.15;291.15;293.15;291.15;291.15
2014-01-05 23:30:00;291.15;291.15;291.15;293.15;291.15;293.15;291.15;293.15;291.15;291.15
2014-01-05 23:45:00;293.15;291.15;291.15;293.15;291.15;293.15;291.15;293.15;291.15;293.15
2014-01-06 00:00:00;293.15;293.15;291.15;293.15;293.15;293.15;293.15;293.15;291.15;293.15
2014-01-06 00:15:00;293.15;293.15;291.15;293.15;293.15;293.15;293.15;293.15;291.15;293.15
2014-01-06 00:30:00;293.15;293.15;291.15;293.15;293.15;293.15;293.15;293.15;291.15;293.15
2014-01-06 00:45:00;293.15;293.15;291.15;293.15;293.15;293.15;293.15;293.15;291.15;293.15
2014-01-06 01:00:00;293.15;293.15;293.15;293.15;293.15;293.15;293.15;293.15;293.15;293.15
2014-01-06 01:15:00;293.15;293.15;293.15;293.15;293.15;293.15;293.15;293.15;293.15;293.15
2014-01-06 01:30:00;293.15;293.15;293.15;293.15;293.15;293.15;293.15;293.15;293.15;293.15
2014-01-06 01:45:00;293.15;293.15;293.15;293.15;293.15;293.15;293.15;293.15;293.15;293.15
2014-01-06 02:00:00;293.15;293.15;293.15;293.15;293.15;293.15;293.15;293.15;293.15;293.15
2014-01-06 02:15:00;293.15;293.15;293.15;293.15;293.15;293.15;293.15;293.15;293.15;293.15
2014-01-06 02:30:00;293.15;293.15;293.15;293.15;293.15;293.15;293.15;293.15;293.15;293.15
2014-01-06 02:45:00;293.15;293.15;293.15;293.15;293.15;293.15;293.15;293.15;293.15;293.15
2014-01-06 03:00:00;293.15;293.15;293.15;293.15;293.15;293.15;293.15;293.15;293.15;293.15
2014-01-06 03:15:00;293.15;293.15;293.15;293.15;293.15;293.15;293.15;293.15;293.15;293.15
2014-01-06 03:30:00;293.15;293.15;293.15;293.15;293.15;293.15;293.15;293.15;293.15;293.15
2014-01-06 03:45:00;293.15;293.15;293.15;293.15;293.15;293.15;293.15;293.15;293.15;293.15
2014-01-06 04:00:00;293.15;293.15;293.15;293.15;293.15;293.15;293.15;293.15;293.15;293.15
2014-01-06 04:15:00;293.15;293.15;293.15;293.15;293.15;293.15;293.15;293.15;293.15;293.15
2014-01-06 04:30:00;293.15;293.15;293.15;293.15;293.15;293.15;293.15;293.15;293.15;293.15
2014-01-06 04:45:00;293.15;293.15;293.15;293.15;293.15;293.15;293.15;293.15;293.15;293.15
2014-01-06 05:00:00;293.15;293.15;293.15;293.15;293.15;293.15;293.15;293.15;293.15;293.15
2014-01-06 05:15:00;293.15;293.15;293.15;293.15;293.15;293.15;293.15;293.15;293.15;293.15
2014-01-06 05:30:00;293.15;293.15;293.15;293.15;293.15;293.15;293.15;293.15;293.15;293.15
2014-01-06 05:45:00;293.15;293.15;293.15;293.15;293.15;293.15;293.15;293.15;293.15;293.15
2014-01-06 06:00:00;293.15;293.15;293.15;293.15;293.15;293.15;293.15;293.15;293.15;293.15
2014-01-06 06:15:00;293.15;293.15;293.15;293.15;293.15;293.15;293.15;293.15;293.15;291.813694851
2014-01-06 06:30:00;293.15;291.813398058;293.15;293.15;293.15;293.15;293.15;293.15;293.15;291.441634124
2014-01-06 06:45:00;293.15;291.441227654;293.15;293.15;293.15;293.15;293.15;293.15;293.15;291.319709712
2014-01-06 07:00:00;293.15;291.319242099;293.15;293.15;293.15;293.15;293.15;293.15;293.15;291.262488621
2014-01-06 07:15:00;293.15;291.262159719;293.15;293.15;293.15;293.15;293.15;293.15;293.15;291.222362629
2014-01-06 07:30:00;291.892697088;291.222567403;293.15;293.15;293.15;293.15;293.15;293.15;293.15;291.187392279
2014-01-06 07:45:00;291.542002415;291.188595063;291.825642987;293.15;293.15;293.15;293.15;293.15;293.15;291.154849476
2014-01-06 08:00:00;291.427906484;291.157569587;291.459225202;293.15;293.15;293.15;293.15;293.15;293.15;291.124417763
2014-01-06 08:15:00;291.376981248;291.129453836;291.343289717;293.15;293.15;293.15;293.15;293.15;293.15;291.096668191
2014-01-06 08:30:00;291.34430868;291.104007792;291.293884447;293.15;293.15;293.15;293.15;293.15;293.15;291.071518324
2014-01-06 08:45:00;291.317360867;291.080219991;291.262658645;293.15;293.15;293.15;291.97882094;293.15;293.15;291.047998107
2014-01-06 09:00:00;291.291634792;291.05655826;291.235877083;293.15;293.15;293.15;291.655322215;293.15;293.15;291.024586783
2014-01-06 09:15:00;291.265790305;291.032451102;291.209819637;293.15;293.15;293.15;291.551310215;293.15;293.15;291.000716483
2014-01-06 09:30:00;291.239999329;291.008271408;291.184043946;293.15;293.15;293.15;291.504005702;293.15;291.987806697;290.976761673
2014-01-06 09:45:00;291.213958985;290.983770778;291.158087906;293.15;293.15;292.068807908;291.471115988;293.15;291.66548271;290.952474948
2014-01-06 10:00:00;291.187352288;290.958648767;291.131592638;293.15;293.15;291.766374962;291.441499477;293.15;291.560581527;290.92755667
2014-01-06 10:15:00;291.159711141;290.93244386;291.104078445;293.15;293.15;291.66525912;291.411894633;293.15;291.51092122;290.901546035
2014-01-06 10:30:00;291.131135408;290.905259768;291.075641465;293.15;293.15;291.615429539;291.381677598;293.15;291.474925942;290.87454741
2014-01-06 10:45:00;291.102215593;290.877689986;291.046870558;293.15;292.09103309;291.578792633;291.351248757;292.109887712;291.442440266;290.847154893
2014-01-06 11:00:00;291.073675824;290.850461265;291.018488801;292.145366547;291.792434227;291.546098827;291.321279882;291.816220472;291.411412882;290.820095794
2014-01-06 11:15:00;291.045774965;290.82383487;290.990754205;291.861150687;291.691869611;291.515032243;291.292013226;291.717000434;291.381381478;290.793631897
2014-01-06 11:30:00;291.018581821;290.797881822;290.963734817;291.764677105;291.642993505;291.484993759;291.263510422;291.668506711;291.352223459;290.767834701
2014-01-06 11:45:00;290.993982529;290.774490313;290.939316087;291.719091853;291.609961776;291.457693255;291.237653079;291.63557809;291.325770485;290.744592847
2014-01-06 12:00:00;290.974804648;290.756489815;290.920324939;291.691472692;291.585871814;291.435909021;291.217265105;291.611490146;291.304831298;290.726736216
2014-01-06 12:15:00;290.964184685;290.747018609;290.909897296;291.675737324;291.571345952;291.422761295;291.205479762;291.596913524;291.292533131;290.717403473
2014-01-06 12:30:00;290.961536559;290.745492265;290.907446537;291.668918376;291.565143772;291.417656483;291.201707998;291.590622444;291.288283408;290.716010544
2014-01-06 12:45:00;290.962093005;290.747145052;290.908204902;291.66562951;291.562323386;291.415822305;291.201179799;291.587680809;291.287309391;290.717792027
2014-01-06 13:00:00;290.961203464;290.747327837;290.907521372;291.661055571;291.558183656;291.412604046;291.199242059;291.583390844;291.284955587;290.718099095
2014-01-06 13:15:00;290.957176335;290.744350349;290.903703925;291.653457832;291.551014769;291.406306377;291.194200818;291.576045329;291.279525857;290.71524176
2014-01-06 13:30:00;290.951418527;290.739620732;290.89815908;291.644226683;291.542214134;291.398332774;291.187460794;291.567043941;291.272422915;290.710628431
2014-01-06 13:45:00;290.944168035;290.733378133;290.891124473;291.633591796;291.532012837;291.388918052;291.179257946;291.556619825;291.263880866;290.704498498
2014-01-06 14:00:00;290.935397141;290.725595905;290.882572055;291.621519533;291.520377241;291.378031537;291.169562669;291.544741238;291.253868385;290.696825542
2014-01-06 14:15:00;290.924727199;290.715896399;290.872122875;291.607626211;291.506923326;291.365291837;291.157994562;291.531025912;291.242003483;290.687232125
2014-01-06 14:30:00;290.911559377;290.703681717;290.85917782;291.591308441;291.491047309;291.350097564;291.143953168;291.514871678;291.227684227;290.675120544
2014-01-06 14:45:00;290.894720256;290.687779306;290.842563214;291.571388593;291.471571175;291.331272922;291.126263553;291.495102016;291.20973432;290.65931843
2014-01-06 15:00:00;290.873548976;290.667529116;290.821617956;291.547201901;291.447829798;291.308154837;291.104263453;291.471053181;291.187490229;290.639165902
2014-01-06 15:15:00;290.847106905;290.641993271;290.795403197;291.517806104;291.418880583;291.279802616;291.077012927;291.441783852;291.160010845;290.613725241
2014-01-06 15:30:00;290.816397976;290.612176408;290.764922667;291.484201753;291.385723777;291.247218272;291.045514696;291.408295457;291.128297798;290.584001231
2014-01-06 15:45:00;290.784363858;290.581020855;290.733117847;291.449327373;291.351297622;291.213341686;291.012709297;291.373527327;291.09529062;290.552936337
2014-01-06 16:00:00;290.754047848;290.551570527;290.703031868;291.416223335;291.318642231;291.181214488;290.981638979;291.340520582;291.064030625;290.523574601
2014-01-06 16:15:00;290.726374955;290.524751007;290.675589578;291.385811916;291.288679644;291.151760131;291.15;291.310198194;291.15;291.15
2014-01-06 16:30:00;290.69988055;291.15;290.649326206;291.356625948;291.259942476;291.123512537;291.15;291.281093635;291.15;291.15
2014-01-06 16:45:00;291.15;291.15;290.623317215;291.327738657;291.231503753;291.095545948;291.15;291.252280727;291.15;291.15
2014-01-06 17:00:00;291.15;291.15;290.596757914;291.299059176;291.202556513;291.067054532;291.15;291.222953243;291.15;291.15
2014-01-06 17:15:00;291.15;291.15;290.569309419;291.269073444;291.173475665;291.15;291.15;291.192770858;291.15;291.15
2014-01-06 17:30:00;291.15;291.15;290.541351034;291.239091708;291.15;291.15;291.15;291.162111527;291.15;291.15
2014-01-06 17:45:00;291.15;291.15;290.51330945;291.209728636;291.15;291.15;291.15;291.131400678;291.15;291.15
2014-01-06 18:00:00;291.15;291.15;291.15;291.181435596;291.15;291.15;291.15;291.101087474;291.15;291.15
2014-01-06 18:15:00;291.15;291.15;291.15;291.154578318;291.15;291.15;291.15;291.071579697;291.15;291.15
2014-01-06 18:30:00;291.15;291.15;291.15;291.15;291.15;291.15;291.15;291.042756188;291.15;291.15
2014-01-06 18:45:00;291.15;291.15;291.15;291.15;291.15;291.15;291.15;291.014148844;291.15;291.15
2014-01-06 19:00:00;291.15;291.15;291.15;291.15;291.15;291.15;291.15;291.15;291.15;291.15
2014-01-06 19:15:00;291.15;291.15;291.15;291.15;291.15;291.15;291.15;291.15;291.15;291.15
2014-01-06 19:30:00;291.15;291.15;291.15;291.15;291.15;291.15;291.15;291.15;291.15;291.15
2014-01-06 19:45:00;291.15;291.15;291.15;291.15;291.15;291.15;291.15;291.15;291.15;291.15
2014-01-06 20:00:00;291.15;291.15;291.15;291.15;291.15;291.15;291.15;291.15;291.15;291.15
2014-01-06 20:15:00;291.15;291.15;291.15;291.15;291.15;291.15;291.15;291.15;291.15;291.15
2014-01-06 20:30:00;291.15;291.15;291.15;291.15;291.15;291.15;291.15;291.15;291.15;291.15
2014-01-06 20:45:00;291.15;291.15;291.15;291.15;291.15;291.15;291.15;291.15;291.15;291.15
2014-01-06 21:00:00;291.15;291.15;291.15;291.15;291.15;291.15;291.15;291.15;291.15;291.15
2014-01-06 21:15:00;291.15;291.15;291.15;291.15;291.15;291.15;291.15;291.15;291.15;291.15
2014-01-06 21:30:00;291.15;291.15;291.15;291.15;291.15;291.15;291.15;291.15;291.15;291.15
2014-01-06 21:45:00;291.15;291.15;291.15;291.15;291.15;291.15;291.15;291.15;291.15;291.15
2014-01-06 22:00:00;291.15;291.15;291.15;291.15;291.15;291.15;291.15;291.15;291.15;291.15
2014-01-06 22:15:00;291.15;291.15;291.15;291.15;291.15;291.15;291.15;291.15;291.15;291.15
2014-01-06 22:30:00;291.15;291.15;291.15;291.15;291.15;291.15;291.15;291.15;291.15;291.15
2014-01-06 22:45:00;291.15;291.15;291.15;293.15;291.15;291.15;291.15;291.15;291.15;291.15
2014-01-06 23:00:00;291.15;291.15;291.15;293.15;291.15;291.15;291.15;293.15;291.15;291.15
2014-01-06 23:15:00;291.15;291.15;291.15;293.15;291.15;293.15;291.15;293.15;291.15;291.15
2014-01-06 23:30:00;291.15;291.15;291.15;293.15;291.15;293.15;291.15;293.15;291.15;291.15
2014-01-06 23:45:00;293.15;291.15;291.15;293.15;291.15;293.15;291.15;293.15;291.15;293.15
2014-01-07 00:00:00;293.15;293.15;291.15;293.15;293.15;293.15;293.15;293.15;291.15;293.15
2014-01-07 00:15:00;293.15;293.15;291.15;293.15;293.15;293.15;293.15;293.15;291.15;293.15
2014-01-07 00:30:00;293.15;293.15;291.15;293.15;293.15;293.15;293.15;293.15;291.15;293.15
2014-01-07 00:45:00;293.15;293.15;291.15;293.15;293.15;293.15;293.15;293.15;291.15;293.15
2014-01-07 01:00:00;293.15;293.15;293.15;293.15;293.15;293.15;293.15;293.15;293.15;293.15
2014-01-07 01:15:00;293.15;293.15;293.15;293.15;293.15;293.15;293.15;293.15;293.15;293.15
2014-01-07 01:30:00;293.15;293.15;293.15;293.15;293.15;293.15;293.15;293.15;293.15;293.15
2014-01-07 01:45:00;293.15;293.15;293.15;293.15;293.15;293.15;293.15;293.15;293.15;293.15
2014-01-07 02:00:00;293.15;293.15;293.15;293.15;293.15;293.15;293.15;293.15;293.15;293.15
2014-01-07 02:15:00;293.15;293.15;293.15;293.15;293.15;293.15;293.15;293.15;293.15;293.15
2014-01-07 02:30:00;293.15;293.15;293.15;293.15;293.15;293.15;293.15;293.15;293.15;293.15
2014-01-07 02:45:00;293.15;293.15;293.15;293.15;293.15;293.15;293.15;293.15;293.15;293.15
2014-01-07 03:00:00;293.15;293.15;293.15;293.15;293.15;293.15;293.15;293.15;293.15;293.15
2014-01-07 03:15:00;293.15;293.15;293.15;293.15;293.15;293.15;293.15;293.15;293.15;293.15
2014-01-07 03:30:00;293.15;293.15;293.15;293.15;293.15;293.15;293.15;293.15;293.15;293.15
2014-01-07 03:45:00;293.15;293.15;293.15;293.15;293.15;293.15;293.15;293.15;293.15;293.15
2014-01-07 04:00:00;293.15;293.15;293.15;293.15;293.15;293.15;293.15;293.15;293.15;293.15
2014-01-07 04:15:00;293.15;293.15;293.15;293.15;293.15;293.15;293.15;293.15;293.15;293.15
2014-01-07 04:30:00;293.15;293.15;293.15;293.15;293.15;293.15;293.15;293.15;293.15;293.15
2014-01-07 04:45:00;293.15;293.15;293.15;293.15;293.15;293.15;293.15;293.15;293.15;293.15
2014-01-07 05:00:00;293.15;293.15;293.15;293.15;293.15;293.15;293.15;293.15;293.15;293.15
2014-01-07 05:15:00;293.15;293.15;293.15;293.15;293.15;293.15;293.15;293.15;293.15;293.15
2014-01-07 05:30:00;293.15;293.15;293.15;293.15;293.15;293.15;293.15;293.15;293.15;293.15
2014-01-07 05:45:00;293.15;293.15;293.15;293.15;293.15;293.15;293.15;293.15;293.15;293.15
2014-01-07 06:00:00;293.15;293.15;293.15;293.15;293.15;293.15;293.15;293.15;293.15;293.15
2014-01-07 06:15:00;293.15;293.15;293.15;293.15;293.15;293.15;293.15;293.15;293.15;291.771339798
2014-01-07 06:30:00;293.15;291.771871118;293.15;293.15;293.15;293.15;293.15;293.15;293.15;291.38988284
2014-01-07 06:45:00;293.15;291.390552335;293.15;293.15;293.15;293.15;293.15;293.15;293.15;291.267111929
2014-01-07 07:00:00;293.15;291.267818089;293.15;293.15;293.15;293.15;293.15;293.15;293.15;291.211284218
2014-01-07 07:15:00;293.15;291.212000814;293.15;293.15;293.15;293.15;293.15;293.15;293.15;291.172979593
2014-01-07 07:30:00;291.857886485;291.173699791;293.15;293.15;293.15;293.15;293.15;293.15;293.15;291.139447687
2014-01-07 07:45:00;291.49844973;291.140267898;291.784116243;293.15;293.15;293.15;293.15;293.15;293.15;291.107486775
2014-01-07 08:00:00;291.381327009;291.108575441;291.406193844;293.15;293.15;293.15;293.15;293.15;293.15;291.076401999
2014-01-07 08:15:00;291.328972256;291.079609993;291.286633416;293.15;293.15;293.15;293.15;293.15;293.15;291.047809289
2014-01-07 08:30:00;291.296936988;291.054924575;291.237288938;293.15;293.15;293.15;293.15;293.15;293.15;291.023424463
2014-01-07 08:45:00;291.273165826;291.03432125;291.20908214;293.15;293.15;293.15;291.94760638;293.15;293.15;291.003092353
2014-01-07 09:00:00;291.253279187;291.016478973;291.188091738;293.15;293.15;293.15;291.621049865;293.15;293.15;290.985503692
2014-01-07 09:15:00;291.235108392;291.000020163;291.169689237;293.15;293.15;293.15;291.522398959;293.15;293.15;290.969284639
2014-01-07 09:30:00;291.218094766;290.984592759;291.15268101;293.15;293.15;293.15;291.48325595;293.15;291.974063785;290.954084746
2014-01-07 09:45:00;291.201881886;290.969896149;291.136545995;293.15;293.15;292.057586253;291.460016438;293.15;291.655687398;290.93960442
2014-01-07 10:00:00;291.186476949;290.955954292;291.121248014;293.15;293.15;291.760960593;291.441538596;293.15;291.560410695;290.925868443
2014-01-07 10:15:00;291.172227487;290.943121253;291.107122546;293.15;293.15;291.671880812;291.425292861;293.15;291.523677078;290.913231607
2014-01-07 10:30:00;291.159083391;290.931350657;291.094115565;293.15;293.15;291.637166089;291.410483771;293.15;291.502939332;290.901648204
2014-01-07 10:45:00;291.146275824;290.919876534;291.081456477;293.15;292.118334105;291.61659121;291.39614673;292.137467587;291.48647065;290.890352884
2014-01-07 11:00:00;291.132820412;290.90771702;291.068159765;292.179212923;291.837723271;291.598999127;291.381243494;291.861894909;291.470456316;290.87836435
2014-01-07 11:15:00;291.117918336;290.894075584;291.053425677;291.912874564;291.750923615;291.580965095;291.364958185;291.776498415;291.453361933;290.864886602
2014-01-07 11:30:00;291.101723614;290.879108359;291.037407402;291.828694246;291.713262481;291.561962093;291.34743748;291.739264497;291.435146171;290.850076263
2014-01-07 11:45:00;291.084902674;290.863483739;291.020770612;291.791260084;291.688084769;291.542476982;291.329343185;291.714229697;291.416419745;290.83460218
2014-01-07 12:00:00;291.068288192;290.848036221;291.004347286;291.76634004;291.666598283;291.523292381;291.311504256;291.69278236;291.397995992;290.819299274
2014-01-07 12:15:00;291.05220462;290.833091954;290.988461234;291.745216294;291.646640375;291.504716326;291.294241837;291.672808845;291.380189767;290.804494083
2014-01-07 12:30:00;291.036402383;290.818402939;290.972862288;291.725303408;291.627314064;291.48649175;291.277303326;291.653427062;291.362744745;290.789938973
2014-01-07 12:45:00;291.020834367;290.803923528;290.957502787;291.70594685;291.608399351;291.468566576;291.260638811;291.634422946;291.345608109;290.775588631
2014-01-07 13:00:00;291.005488226;290.78964274;290.942369882;291.686972633;291.589833716;291.450924364;291.244233349;291.615737445;291.328762369;290.761432389
2014-01-07 13:15:00;290.9894363;290.774634183;290.926535444;291.667406689;291.57067135;291.432633781;291.227156875;291.596427436;291.311275134;290.746544145
2014-01-07 13:30:00;290.971799552;290.758020005;290.90912001;291.646353607;291.5500237;291.412812415;291.20852812;291.575606713;291.292262995;290.730046315
2014-01-07 13:45:00;290.952689339;290.739912661;290.89023454;291.623916421;291.527995171;291.391568493;291.188456366;291.553381821;291.27183325;290.712051608
2014-01-07 14:00:00;290.932545808;290.720753326;290.870318814;291.600529321;291.505019948;291.369339251;291.167379837;291.53018891;291.250422288;290.693001427
2014-01-07 14:15:00;290.911476314;290.70065031;290.849479851;291.576294587;291.481199974;291.346229341;291.1454041;291.50613174;291.228133976;290.6730043
2014-01-07 14:30:00;290.889145968;290.679269618;290.827382452;291.55087273;291.456195368;291.321901358;291.122192608;291.48087211;291.204630192;290.651726431
2014-01-07 14:45:00;290.865333993;290.6563913;290.803805552;291.524038723;291.429780721;291.296132183;291.097523038;291.454186161;291.179687154;290.628948059
2014-01-07 15:00:00;290.839806453;290.6317822;290.778514952;291.495554693;291.4017178;291.268685702;291.071160025;291.425837097;291.153068142;290.6044362
2014-01-07 15:15:00;290.811837911;290.604717605;290.750784971;291.464691536;291.371277171;291.238834446;291.042376797;291.395096809;291.124045135;290.577466302
2014-01-07 15:30:00;290.781595968;290.575365792;290.720782986;291.431613445;291.338622721;291.206744126;291.011339716;291.362130411;291.092783332;290.548206793
2014-01-07 15:45:00;290.750568995;290.545215764;290.689997161;291.397805616;291.305239367;291.173901349;290.979536003;291.328423955;291.060768874;290.518146815
2014-01-07 16:00:00;290.720598914;290.516110036;290.660269228;291.365107017;291.272965819;291.142146395;290.948806506;291.295817199;291.029841613;290.489129013
2014-01-07 16:15:00;290.692384556;290.488747991;290.632297842;291.334213726;291.242497918;291.112176562;291.15;291.265006952;291.15;291.15
2014-01-07 16:30:00;290.66508212;291.15;290.605239041;291.304279378;291.212989081;291.083146618;291.15;291.23514753;291.15;291.15
2014-01-07 16:45:00;291.15;291.15;290.578360953;291.274569859;291.183704996;291.054323505;291.15;291.205505447;291.15;291.15
2014-01-07 17:00:00;291.15;291.15;290.550947772;291.245083181;291.153927579;291.024990307;291.15;291.175363386;291.15;291.15
2014-01-07 17:15:00;291.15;291.15;290.522792084;291.214438127;291.15;291.15;291.15;291.144512519;291.15;291.15
2014-01-07 17:30:00;291.15;291.15;290.494191114;291.183876893;291.15;291.15;291.15;291.113248748;291.15;291.15
2014-01-07 17:45:00;291.15;291.15;290.465252858;291.153697771;291.15;291.15;291.15;291.081678824;291.15;291.15
2014-01-07 18:00:00;291.15;291.15;291.15;291.15;291.15;291.15;291.15;291.049861886;291.15;291.15
2014-01-07 18:15:00;291.15;291.15;291.15;291.15;291.15;291.15;291.15;291.017156991;291.15;291.15
2014-01-07 18:30:00;291.15;291.15;291.15;291.15;291.15;291.15;291.15;290.983377346;291.15;291.15
2014-01-07 18:45:00;291.15;291.15;291.15;291.15;291.15;291.15;291.15;290.949461882;291.15;291.15
2014-01-07 19:00:00;291.15;291.15;291.15;291.15;291.15;291.15;291.15;291.15;291.15;291.15
2014-01-07 19:15:00;291.15;291.15;291.15;291.15;291.15;291.15;291.15;291.15;291.15;291.15
2014-01-07 19:30:00;291.15;291.15;291.15;291.15;291.15;291.15;291.15;291.15;291.15;291.15
2014-01-07 19:45:00;291.15;291.15;291.15;291.15;291.15;291.15;291.15;291.15;291.15;291.15
2014-01-07 20:00:00;291.15;291.15;291.15;291.15;291.15;291.15;291.15;291.15;291.15;291.15
2014-01-07 20:15:00;291.15;291.15;291.15;291.15;291.15;291.15;291.15;291.15;291.15;291.15
2014-01-07 20:30:00;291.15;291.15;291.15;291.15;291.15;291.15;291.15;291.15;291.15;291.15
2014-01-07 20:45:00;291.15;291.15;291.15;291.15;291.15;291.15;291.15;291.15;291.15;291.15
2014-01-07 21:00:00;291.15;291.15;291.15;291.15;291.15;291.15;291.15;291.15;291.15;291.15
2014-01-07 21:15:00;291.15;291.15;291.15;291.15;291.15;291.15;291.15;291.15;291.15;291.15
2014-01-07 21:30:00;291.15;291.15;291.15;291.15;291.15;291.15;291.15;291.15;291.15;291.15
2014-01-07 21:45:00;291.15;291.15;291.15;291.15;291.15;291.15;291.15;291.15;291.15;291.15
2014-01-07 22:00:00;291.15;291.15;291.15;291.15;291.15;291.15;291.15;291.15;291.15;291.15
2014-01-07 22:15:00;291.15;291.15;291.15;291.15;291.15;291.15;291.15;291.15;291.15;291.15
2014-01-07 22:30:00;291.15;291.15;291.15;291.15;291.15;291.15;291.15;291.15;291.15;291.15
2014-01-07 22:45:00;291.15;291.15;291.15;293.15;291.15;291.15;291.15;291.15;291.15;291.15
2014-01-07 23:00:00;291.15;291.15;291.15;293.15;291.15;291.15;291.15;293.15;291.15;291.15
2014-01-07 23:15:00;291.15;291.15;291.15;293.15;291.15;293.15;291.15;293.15;291.15;291.15
2014-01-07 23:30:00;291.15;291.15;291.15;293.15;291.15;293.15;291.15;293.15;291.15;291.15
2014-01-07 23:45:00;293.15;291.15;291.15;293.15;291.15;293.15;291.15;293.15;291.15;293.15
2014-01-08 00:00:00;293.15;293.15;291.15;293.15;293.15;293.15;293.15;293.15;291.15;293.15
2014-01-08 00:15:00;293.15;293.15;291.15;293.15;293.15;293.15;293.15;293.15;291.15;293.15
